id,character,speaker,trigger,text,expression,acts,gameType,rematch,minRematch,losingStreak,flags,weight,once
toby-exh-start-01,toby,,exhibition_start,"Toby. I'm new too, actually. Quick one before they stack the chairs, {name}? Just for fun.",pleased,,,,,,,2,
toby-exh-start-02,toby,,exhibition_start,"Toby. I'm new too, actually. We'll be learning together. No pressure.",pleased,,,,,,,1,
toby-exh-win-01,toby,,exhibition_win,"Good game! Honestly, I got lucky. Want to go over it?",smug,,,,,,,1,
toby-exh-win-02,toby,,exhibition_win,"Beginner's luck, honestly. You'll get me next time.",smug,,,,,,,1,
toby-start-01,toby,,game_start,"No pressure, mate. Honestly, just enjoy it.",pleased,,,,,,,1,
toby-start-02,toby,,game_start,Good to see you. We should do this more often.,pleased,,,,,,,1,
toby-start-03,toby,,game_start,"Round two! No pressure.",smug,,,2,,,,2,
toby-start-04,toby,,game_start,"Third time lucky, mate. For one of us.",smug,,,,3,,,2,
toby-start-05,toby,,game_start,"Big one tonight. Whatever happens, it's all learning.",pleased,,match,,,,,2,
toby-win-01,toby,,game_win,Good game! Want to go over it?,pleased,,,,,,,1,
toby-win-02,toby,,game_win,"You were fine until the middle bit.",smug,,,,,,,1,
toby-win-03,toby,,game_win,Really enjoyed that. You're getting there.,pleased,,,,,,,1,
toby-win-04,toby,,game_win,Tough run. Want to go over them all some time? No worries if not.,smug,,,,,3,,3,
toby-loss-01,toby,,game_loss,So deserved. Genuinely made up for you.,annoyed,,,,,,,1,
toby-loss-02,toby,,game_loss,"Honestly, great game. I learned loads.",annoyed,,,,,,,1,
toby-loss-03,toby,,game_loss,We'll call that a learning moment for me.,annoyed,,,,,,,1,
toby-pblunder-01,toby,,player_blunder,"Ooh. No, that's fine. That's a learning moment.",smug,,,,,,,1,
toby-pblunder-02,toby,,player_blunder,"Happens to all of us, mate.",smug,,,,,,,1,
toby-bblunder-01,toby,,bot_blunder,Go on then. You've earned that one.,annoyed,,,,,,,1,
toby-queen-01,toby,,capture_queen,"Sorry, mate. Had to.",smug,,,,,,,1,
toby-check-01,toby,,check_given,Just a little check. Nothing personal.,smug,,,,,,,1,
toby-winning-01,toby,,clearly_winning,"Honestly, I think you've still got chances.",smug,,,,,,,1,
toby-losing-01,toby,,clearly_losing,"You're playing really well, mate.",annoyed,,,,,,,1,
toby-castle-01,toby,,castling,Safety first. Coach always says.,neutral,,,,,,,1,
marjorie-start-first,marjorie,,game_start,"Marjorie. Forty years at the board, so don't expect any favours.",pleased,1,,1,,,,3,yes
marjorie-start-01,marjorie,,game_start,"Right, love. Get comfy.",neutral,,,,,,,1,
marjorie-start-02,marjorie,,game_start,Shall we? I've put the kettle on.,pleased,,,,,,,1,
marjorie-start-03,marjorie,,game_start,"Scoresheets are on the side, dear. Graham's very particular.",neutral,,match,,,,,2,
marjorie-start-04,marjorie,,game_start,"Back again, dear? Good. It's nice to be wanted.",pleased,,,,4,,,2,
marjorie-start-name,marjorie,,game_start,"Hello, {name}. I've put the kettle on.",pleased,,,2,,,,1,
marjorie-cap-01,marjorie,,capture_minor,"Oh dear. I'll have that, sorry love.",pleased,,,,,,,1,
marjorie-cap-02,marjorie,,capture_rook,"Oh, I'll take that. You don't mind, do you?",pleased,,,,,,,1,
marjorie-cap-03,marjorie,,capture_queen,"Oh dear. Well. I'll put her with the others.",smug,,,,,,,1,
marjorie-winning-01,marjorie,,clearly_winning,I'll just tidy these up.,smug,,,,,,,1,
marjorie-pblunder-01,marjorie,,player_blunder,"Oh dear. Never mind, love.",pleased,,,,,,,1,
marjorie-check-01,marjorie,,check_received,"Oh. Check. How rude.",surprised,,,,,,,1,
marjorie-win-01,marjorie,,game_win,"Well played, dear. Nearly.",pleased,,,,,,,1,
marjorie-win-02,marjorie,,game_win,You'll get there. I was terrible once. Briefly.,smug,,,,,,,1,
marjorie-loss-01,marjorie,,game_loss,"Well done. I'd have played on, but my tea's gone cold.",annoyed,,,,,,,1,
marjorie-loss-02,marjorie,,game_loss,"Lovely. I'll be telling everyone. Well, my sister.",neutral,,,,,,,1,
dex-start-first,dex,,game_start,Dex. First time? Cool. Don't be weird about the camera.,neutral,1,,1,,,,3,yes
dex-start-01,dex,,game_start,It's not recording. Probably.,smug,,,,,,,1,
dex-start-02,dex,,game_start,Quick one? I've got a stream at nine.,neutral,,,,,,,1,
dex-start-03,dex,,game_start,This is so slow. I play bullet.,annoyed,,match,,,,,1,
dex-start-04,dex,,game_start,"Yeah, I've been studying. Don't make it weird.",neutral,,,,3,,,2,
dex-bblunder-01,dex,,bot_blunder,It's a sac. Trust me.,smug,,,,,,,1,
dex-enpassant-01,dex,,en_passant,Google en passant.,smug,,,,,,,1,
dex-pblunder-01,dex,,player_blunder,"Oh, that's going in the video.",smug,,,,,,,1,
dex-check-01,dex,,check_given,Check. Obviously.,smug,,,,,,,1,
dex-castle-01,dex,,castling,Castling. Boring. Respect.,neutral,,,,,,,1,
dex-win-01,dex,,game_win,GG. Chat's going to love that.,pleased,,,,,,,1,
dex-win-02,dex,,game_win,GG. Easy.,smug,,,,,,,1,
dex-loss-01,dex,,game_loss,Don't clip that.,annoyed,,,,,,,1,
dex-loss-02,dex,,game_loss,"That doesn't count, I was reading chat.",annoyed,,,,,,,1,
clive-start-01,clive,,game_start,"Just a quiet one, I think.",neutral,,,,,,,1,
clive-start-02,clive,,game_start,Board four suits me fine.,neutral,,match,,,,,1,
clive-cap-01,clive,,capture_minor,Might as well swap those off.,neutral,,,,,,,1,
clive-cap-02,clive,,capture_rook,Tidier without them.,neutral,,,,,,,1,
clive-winning-01,clive,,clearly_winning,Funny how these things go.,neutral,,,,,,,1,
clive-losing-01,clive,,clearly_losing,"Nothing much in it, really.",neutral,,,,,,,1,
clive-check-01,clive,,check_received,Fair enough.,neutral,,,,,,,1,
clive-win-01,clive,,game_win,"I'd have taken the draw, if I were you.",neutral,,,,,,,1,
clive-loss-01,clive,,game_loss,"Well, you wanted it more.",neutral,,,,,,,1,
graham-start-01,graham,,game_start,I'll be keeping score. Both copies.,neutral,,,,,,,1,
graham-start-name,graham,,game_start,{name}. I've got your name down correctly now.,neutral,,,,2,,,1,
graham-start-03,graham,,game_start,"Under rule fourteen, phones are to be off. I appreciate the irony.",neutral,,,,,,,1,
graham-start-05,graham,,game_start,"I've written to the chess federation again. Recorded delivery. Right, your move. Well, mine.",neutral,,,,3,,,1,
graham-win-02,graham,,game_win,Good game. It'll go in my records. Briefly.,pleased,,,,,,,1,
graham-loss-name,graham,,game_loss,"Fair result, {name}. I'll enter it in my records.",annoyed,,,,,,,1,
graham-check-01,graham,,check_given,Check. For the record.,neutral,,,,,,,1,
graham-castle-01,graham,,castling,"Castled. Correctly, I note.",neutral,,,,,,,1,
graham-enpassant-01,graham,,en_passant,"En passant. Perfectly legal, before you ask.",neutral,,,,,,,1,
graham-promo-01,graham,,promotion,"A queen. Technically, you could have had a knight.",neutral,,,,,,,1,
graham-win-01,graham,,game_win,Fair result. Duly recorded.,pleased,,,,,,,1,
graham-loss-01,graham,,game_loss,"Well played. Correctly played, even.",annoyed,,,,,,,1,
graham-loss-02,graham,,game_loss,I'll record that accurately. As always.,annoyed,,,,,,,1,
priya-start-01,priya,,game_start,I've been doing a course on this.,pleased,,,,,,,1,
priya-start-02,priya,,game_start,I've prepared something. Probably.,neutral,,,,,,,1,
priya-strong-02,priya,,strong_move,Is that even good?,surprised,,,,,,,1,
priya-losing-01,priya,,clearly_losing,I know this. I definitely know this.,annoyed,,,,,,,1,
priya-check-01,priya,,check_received,Wait. That's not in the book.,surprised,,,,,,,1,
priya-win-01,priya,,game_win,"That's all main line, to be fair.",pleased,,,,,,,1,
priya-loss-01,priya,,game_loss,You weren't supposed to play that.,annoyed,,,,,,,1,
oscar-start-01,oscar,,game_start,"(Oscar shakes your hand, then straightens his pieces.)",neutral,,,,,,,1,
oscar-start-02,oscar,neil,game_start,He's only been playing since March.,pleased,,,1,,,,2,yes
oscar-start-03,oscar,neil,game_start,His coach says he's ahead of schedule.,pleased,,,,2,,,1,
oscar-win-01,oscar,,game_win,Good game. (Goes off to play blitz.),neutral,,,,,,,1,
oscar-loss-01,oscar,,game_loss,Good game. (Exactly the same.),neutral,,,,,,,1,
oscar-loss-02,oscar,neil,game_loss,He's had a long week at school.,annoyed,,,,,,,1,
marjorie-tension-01,marjorie,,tension,(She stops stirring her tea.),neutral,,match,,,,,1,
marjorie-tension-02,marjorie,,tension,"(Marjorie takes her glasses off, looks at the board, and puts them back on.)",neutral,,match,,,,,1,
dex-tension-01,dex,,tension,(Dex has stopped looking at his phone.),neutral,,match,,,,,1,
dex-tension-02,dex,,tension,(Dex puts his phone face down.),neutral,,match,,,,,1,
oscar-tension-01,oscar,,tension,(Oscar is sitting on his hands.),neutral,,match,,,,,1,
oscar-tension-02,oscar,,tension,(Neil has moved his chair closer to the board.),neutral,,match,,,,,1,
clive-tension-01,clive,,tension,(Clive glances at the clock on the wall. It's nearly ten.),neutral,,match,,,,,1,
priya-tension-01,priya,,tension,(Priya has been staring at the board for twenty minutes.),neutral,,match,,,,,1,
graham-tension-01,graham,,tension,(Graham straightens his scoresheet. Twice.),neutral,,match,,,,,1,
toby-tension-01,toby,,tension,(Toby rests his chin on his hand and stays like that.),smug,,match,,,,,1,
toby-tension-02,toby,,tension,(He's stopped saying 'mate'.),neutral,,match,,,,,1,
marjorie-chance-01,marjorie,,opportunity,"Oh. Hang on. I've not been very careful there, have I?",surprised,,friendly,,,,,1,
marjorie-chance-02,marjorie,,opportunity,(Marjorie has gone very still.),surprised,,match,,,,,1,
dex-chance-01,dex,,opportunity,Wait. Don't look at that.,surprised,,friendly,,,,,1,
dex-chance-02,dex,,opportunity,(Dex goes pale.),surprised,,match,,,,,1,
oscar-chance-01,oscar,,opportunity,(Oscar looks up from the board for the first time.),surprised,,,,,,,1,
clive-chance-01,clive,,opportunity,Ah.,surprised,,friendly,,,,,1,
clive-chance-02,clive,,opportunity,(Clive puts his flask down.),surprised,,match,,,,,1,
priya-chance-01,priya,,opportunity,That wasn't in the course.,surprised,,friendly,,,,,1,
priya-chance-02,priya,,opportunity,"(Priya reaches for her notebook, then stops.)",surprised,,match,,,,,1,
graham-chance-01,graham,,opportunity,That was... not correct of me.,annoyed,,friendly,,,,,1,
graham-chance-02,graham,,opportunity,(Graham looks at the ceiling for a long time.),annoyed,,match,,,,,1,
toby-chance-01,toby,,opportunity,"Hm. Probably fine. Probably.",annoyed,,friendly,,,,,1,
toby-chance-02,toby,,opportunity,(Toby's leg has started jiggling under the table.),annoyed,,match,,,,,1,
story-trial-graham,graham,,game_start,"Your name's down. I checked the spelling. Scoresheet, please.",neutral,,,,,,kind:trial,1,yes
story-trial-marjorie,marjorie,,game_start,"You must be new. I’m Marjorie. The kettle’s on after, if you’re staying.",pleased,,,,,,kind:trial,1,yes
story-trial-dex,dex,,game_start,"New? Cool. I’ll go easy. That’s a lie, I don’t know how.",smug,,,,,,kind:trial,1,yes
story-trial-clive,clive,,game_start,"Clive. Evening. Shall we?",neutral,,,,,,kind:trial,1,yes
story-c1-marjorie,marjorie,,game_start,"Best of three, is it? I’ve put the good set out. Phones off, love.",neutral,,,,,,kind:match chapter:c1,1,yes
story-c2-dex,dex,,game_loss,(Dex picks up his phone. The little red light is on.),neutral,,,,,,kind:match chapter:c2,1,yes
story-c3-neil,oscar,neil,game_loss,He doesn’t lose two in a row. Well. He does now.,neutral,,,,,,kind:match chapter:c3,1,yes
story-c4-clive,clive,,game_loss,"Good game. You made something out of nothing. Mild for October.",neutral,,,,,,kind:match chapter:c4,1,yes
story-c5-priya,priya,,game_loss,That wasn’t in chapter nine. Or ten.,surprised,,,,,,kind:match chapter:c5,1,yes
story-c6-graham,graham,,game_loss,"A fair result. I shall be recording it in full.",annoyed,,,,,,kind:match chapter:c6,1,yes
story-c7-toby,toby,,game_start,"No pressure, mate. Did you get a chance to look at that book?",pleased,,,,,,kind:match chapter:c7,1,yes
story-final-start,toby,,game_start,(Marjorie has got the good set out.),neutral,1,,,,,kind:boss,1,yes
story-final-won,toby,,game_loss,"(Pemberton shakes your hand, then goes to find Toby.)",annoyed,1,,,,,kind:boss,1,yes
story-a2-final-start,toby,,game_start,"Top of the ladder, then. Did the study help? I think I sent you the wrong one. Silly me.",smug,2,,,,,kind:boss,1,yes
story-a2-final-won,toby,,game_loss,(Toby shakes your hand. He doesn’t stay for a drink. Pemberton leaves with him.),annoyed,2,,,,,kind:boss,1,yes
story-w3-marjorie,marjorie,,game_start,"Sheila says you're a natural. She says it to everyone, mind. Best of three?",pleased,1,,,,,kind:match chapter:w3,1,yes
story-w5-dex,dex,,game_start,Graham's put a notice up about filming. It doesn't say I can't.,smug,1,,,,,kind:match chapter:w5,1,yes
story-w7-neil,oscar,neil,game_start,He's been practising on the landing. I can hear the pieces through the floor.,pleased,1,,,,,kind:match chapter:w7,1,yes
story-w9-clive,clive,,game_start,"Bill's watching. He used to watch Vera play, you know. Don't let that put you off.",neutral,1,,,,,kind:match chapter:w9,1,yes
story-w11-priya,priya,,game_start,I've prepared something for you specifically. That's allowed.,neutral,1,,,,,kind:match chapter:w11,1,yes
story-w12-marjorie,marjorie,,game_start,"You've still got the cupboard key? Good. Keep it.",neutral,1,,,,,kind:match chapter:w12,1,yes
story-w14-graham,graham,,game_start,"I've written to the county arbiter about the draw. In the proper manner.",neutral,1,,,,,kind:match chapter:w14,1,yes
story-w15-dex,dex,,game_start,"Forty people for the final. If you get there. No pressure. That's Toby's line, isn't it.",smug,1,,,,,kind:match chapter:w15,1,yes
story-a2-2-priya,priya,,game_start,I've started keeping notes on you. Don't read anything into it.,neutral,2,,,,,kind:match chapter:a2-2,1,yes
story-a2-3-clive,clive,,game_start,Rule nine says I have to challenge someone. So.,neutral,2,,,,,kind:match chapter:a2-3,1,yes
story-a2-4-ray,ray,,game_start,Junior night overran. I'll be fine for the first game. Possibly the second.,neutral,2,,,,,kind:match chapter:a2-4,1,yes
story-a2-5-terry,terry,,game_start,I've been working on something. You'll know it when you see it.,pleased,2,,,,,kind:match chapter:a2-5,1,yes
story-a2-7-marjorie,marjorie,,game_start,"One of the new ones asked if we have a website. I said ask Graham. He's still talking.",pleased,2,,,,,kind:match chapter:a2-7,1,yes
story-a2-8-neil,oscar,neil,game_start,I've told him not to think about the team. He's thought about nothing else.,neutral,2,,,,,kind:match chapter:a2-8,1,yes
story-a2-9-priya,priya,,game_start,New notebook. The old one's full. Of you, mostly.,neutral,2,,,,,kind:match chapter:a2-9,1,yes
story-a2-11-dex,dex,,game_start,No stream tonight. Don't ask.,neutral,2,,,,,kind:match chapter:a2-11,1,yes
story-a2-12-graham,graham,,game_start,"The motion, for the avoidance of doubt, was carried. Your move. Well, mine.",neutral,2,,,,,kind:match chapter:a2-12,1,yes
story-a2-14-clive,clive,,game_start,St Anne's has a boiler that works on Tuesdays. I asked.,neutral,2,,,,,kind:match chapter:a2-14,1,yes
story-a2-15-terry,terry,,game_start,"I entered you as moral support. Turns out you still have to play me.",pleased,2,,,,,kind:match chapter:a2-15,1,yes
story-cup-clive,clive,,game_start,"First round. I said I'd enter. I didn't say I'd win.",neutral,1,,,,,kind:cup-round,1,yes
story-cup-oscar,oscar,neil,game_start,"He's been looking forward to this all week. He won't say so.",pleased,1,,,,,kind:cup-round,1,yes
story-cup-priya,priya,,game_start,"Semi-final. I've been through everything you've played since the summer.",neutral,1,,,,,kind:cup-round,1,yes
story-final-lost,toby,,game_win,"(Pemberton is already on his feet, shaking Toby's hand.)",pleased,1,,,,,kind:boss,1,yes
story-a2-final-lost,toby,,game_win,(Toby's name stays at the top. Graham doesn't need to retype it.),pleased,2,,,,,kind:boss,1,yes
story-a2-cup-priya,priya,,game_start,I've got a notebook just for this game.,neutral,2,,,,,kind:cup-round,1,yes
story-a2-cup-malcolm,malcolm,,game_start,Second from the top. I've been here eleven years. Shall we?,neutral,2,,,,,kind:cup-round,1,yes
story-a2-1-graham,graham,,game_start,"Rule seven, part (b): the player below may challenge the player above. You are, technically, above me.",neutral,2,,,,,kind:match chapter:a2-1,1,yes
story-a2-6-dex,dex,,game_start,"If Graham asks, I’m not streaming this.",smug,2,,,,,kind:match chapter:a2-6,1,yes
story-a2-10-malcolm,malcolm,,game_start,Evening. I hear you’ve been reading about yourself.,neutral,2,,,,,kind:match chapter:a2-10,1,yes
story-a2-13-neil,oscar,neil,game_loss,Kingsbridge have a junior squad. Twelve of them. Matching jumpers.,neutral,2,,,,,kind:match chapter:a2-13,1,yes
malcolm-start-01,malcolm,,game_start,Hello.,neutral,,,,,,,1,
malcolm-start-02,malcolm,,game_start,(Malcolm nods and fills in the top of his scoresheet.),neutral,,,,,,,1,
malcolm-start-04,malcolm,,game_start,"(Malcolm sets up the clock, although nobody asked for one.)",neutral,,,,,,,1,
malcolm-win-01,malcolm,,game_win,Good game.,neutral,,,,,,,1,
malcolm-win-02,malcolm,,game_win,(Malcolm writes down the result and shakes your hand.),neutral,,,,,,,1,
malcolm-win-03,malcolm,,game_win,Closer than it looked. Not much closer.,neutral,,,,,,,1,
malcolm-loss-01,malcolm,,game_loss,Well played. That was proper chess.,pleased,,,,,,,1,
malcolm-loss-02,malcolm,,game_loss,"(Malcolm nods, once. From him, that’s a speech.)",neutral,,,,,,,1,
malcolm-loss-03,malcolm,,game_loss,That’s the first time in a while. Good.,neutral,,,,,,,1,
malcolm-pb-01,malcolm,,player_blunder,(Malcolm looks up. Only briefly.),neutral,,,,,,,1,
malcolm-sm-01,malcolm,,strong_move,Mm.,surprised,,,,,,,1,
malcolm-sm-02,malcolm,,strong_move,(Malcolm sits back in his chair.),neutral,,,,,,,1,
notice-rating-marjorie,marjorie,,game_start,"Your rating's gone up, I see. Good for you.",pleased,,,,,,notice:rating,1,
notice-rating-dex,dex,,game_start,Rating's going up then. Don't make it weird.,neutral,,,,,,notice:rating,1,
notice-rating-oscar,oscar,neil,game_start,"Your rating's up, I see. So is Oscar's, of course.",neutral,,,,,,notice:rating,1,
notice-rating-clive,clive,,game_start,"Rating's up, I hear. It's only a number.",neutral,,,,,,notice:rating,1,
notice-rating-priya,priya,,game_start,Your rating's gone up. What are you reading?,neutral,,,,,,notice:rating,1,
notice-rating-graham,graham,,game_start,"Your rating's gone up. I've updated the website.",neutral,,,,,,notice:rating,1,
notice-rating-toby,toby,,game_start,"Rating's up! Genuinely made up for you, mate.",smug,,,,,,notice:rating,1,
x-marjorie-game_start-04,marjorie,,game_start,"Don’t mind me, I’m slow to start. Always have been.",pleased,,,,,,,1,
x-marjorie-game_start-07,marjorie,,game_start,Right then. Let’s see what you’ve learned since last time.,pleased,,,,,,,1,
x-marjorie-game_start-08,marjorie,,game_start,I’ve been reading about endgames. Don’t look so worried.,pleased,,,,,,,1,
x-marjorie-game_start-09,marjorie,,game_start,"I've been playing since before you were born, I expect. Anyway.",pleased,,,,,,,1,
x-marjorie-game_start-10,marjorie,,game_start,"Oh, it’s you. Good. I was hoping it would be.",pleased,,,,,,,1,
x-marjorie-game_start-12,marjorie,,game_start,"I’ll try not to keep you late. I usually do, mind.",pleased,,,,,,,1,
x-marjorie-game_win-01,marjorie,,game_win,"Oh dear. Sorry, love. The pieces just went that way.",pleased,,,,,,,1,
x-marjorie-game_win-02,marjorie,,game_win,I'll just write that down. I write them all down.,pleased,,,,,,,1,
x-marjorie-game_win-03,marjorie,,game_win,"Well played, until the end. The end’s the bit that counts, sadly.",pleased,,,,,,,1,
x-marjorie-game_win-04,marjorie,,game_win,"Endgames, dear. Not glamorous, but there we are.",pleased,,,,,,,1,
x-marjorie-game_win-05,marjorie,,game_win,Don’t be cross. I’ve had forty years’ practice.,pleased,,,,,,,1,
x-marjorie-game_win-06,marjorie,,game_win,I did enjoy that. I hope you did too. A bit.,pleased,,,,,,,1,
x-marjorie-game_win-07,marjorie,,game_win,Same again sometime? I'll try to be less mean.,pleased,,,,,,,1,
x-marjorie-game_win-08,marjorie,,game_win,"You'll get me eventually. Not today, but eventually.",pleased,,,,,,,1,
x-marjorie-game_loss-01,marjorie,,game_loss,"Well. You’ve been practising, haven’t you.",annoyed,,,,,,,1,
x-marjorie-game_loss-02,marjorie,,game_loss,"Lovely game, dear. I’ll be having words with my bishop.",annoyed,,,,,,,1,
x-marjorie-game_loss-03,marjorie,,game_loss,"Oh, good for you. Really. I mean that. Mostly.",annoyed,,,,,,,1,
x-marjorie-game_loss-04,marjorie,,game_loss,That’s put me in my place. Tea?,annoyed,,,,,,,1,
x-marjorie-game_loss-05,marjorie,,game_loss,I saw that coming about a move too late.,annoyed,,,,,,,1,
x-marjorie-game_loss-06,marjorie,,game_loss,"You’re getting better, love. It’s very inconvenient.",annoyed,,,,,,,1,
x-marjorie-match_great-01,marjorie,,match_great,(Marjorie puts her tea down.),surprised,,,,,,,1,
x-marjorie-match_great-02,marjorie,,match_great,(Marjorie looks at you over her glasses.),surprised,,,,,,,1,
x-marjorie-match_blunder-01,marjorie,,match_blunder,(Marjorie allows herself a small smile.),pleased,,,,,,,1,
x-marjorie-match_blunder-02,marjorie,,match_blunder,(Marjorie picks her tea back up.),pleased,,,,,,,1,
x-marjorie-game_start-14,marjorie,,game_start,Us again. I was hoping it'd be you.,pleased,,,,6,,,1,
x-marjorie-game_start-15,marjorie,,game_start,I've been looking forward to this one. Don't tell anyone.,pleased,,,,6,,,1,
x-marjorie-game_start-17,marjorie,,game_start,How long have we been doing this now? Don’t answer that.,pleased,,,,12,,,1,
x-marjorie-game_start-18,marjorie,,game_start,You and me again. Who'd have thought.,pleased,,,,12,,,1,
x-dex-game_start-01,dex,,game_start,ok. let’s go.,smug,,,,,,,1,
x-dex-game_start-02,dex,,game_start,Chat says hi. There’s no chat. Probably.,smug,,,,,,,1,
x-dex-game_start-03,dex,,game_start,I’ve got a new opening. It’s terrible. You’ll love it.,smug,,,,,,,1,
x-dex-game_start-04,dex,,game_start,"Don’t take forever, yeah?",smug,,,,,,,1,
x-dex-game_start-05,dex,,game_start,You again. Cool. Cool cool cool.,smug,,,,,,,1,
x-dex-game_start-06,dex,,game_start,I’m in form. Ignore the last four games.,smug,,,,,,,1,
x-dex-game_start-08,dex,,game_start,"What’s the rating gap? Actually, don’t tell me.",smug,,,,,,,1,
x-dex-game_start-09,dex,,game_start,"I watched a video on this. Well, half a video.",smug,,,,,,,1,
x-dex-game_start-10,dex,,game_start,No draws. I don’t do draws.,smug,,,,,,,1,
x-dex-game_start-11,dex,,game_start,If I lose it’s because I’m tired.,smug,,,,,,,1,
x-dex-game_start-12,dex,,game_start,Right. Speedrun.,smug,,,,,,,1,
x-dex-game_win-01,dex,,game_win,gg. easy. not easy. gg.,smug,,,,,,,1,
x-dex-game_win-02,dex,,game_win,"Called it. Didn’t call it, but I’m saying I did.",smug,,,,,,,1,
x-dex-game_win-03,dex,,game_win,That’s going in the highlights.,smug,,,,,,,1,
x-dex-game_win-04,dex,,game_win,"Sick. Right, again?",smug,,,,,,,1,
x-dex-game_win-05,dex,,game_win,Told you. The sac was sound. Sort of.,smug,,,,,,,1,
x-dex-game_win-06,dex,,game_win,"Don’t be sad. It happens. To you, mostly.",smug,,,,,,,1,
x-dex-game_loss-01,dex,,game_loss,Lag.,annoyed,,,,,,,1,
x-dex-game_loss-02,dex,,game_loss,I was trying something.,annoyed,,,,,,,1,
x-dex-game_loss-03,dex,,game_loss,ok that was actually decent. Don’t tell anyone I said that.,annoyed,,,,,,,1,
x-dex-game_loss-04,dex,,game_loss,The board’s wonky. Look at it.,annoyed,,,,,,,1,
x-dex-game_loss-05,dex,,game_loss,Rematch. No. Tomorrow. Rematch tomorrow.,annoyed,,,,,,,1,
x-dex-game_loss-06,dex,,game_loss,I’m not tilted. I’m fine. Totally fine.,annoyed,,,,,,,1,
x-dex-game_loss-07,dex,,game_loss,Respect. Tiny bit of respect. Microscopic.,annoyed,,,,,,,1,
x-dex-match_great-01,dex,,match_great,(Dex stops fidgeting.),surprised,,,,,,,1,
x-dex-match_great-02,dex,,match_great,(Dex looks at the board for a long time without saying anything.),surprised,,,,,,,1,
x-dex-match_blunder-01,dex,,match_blunder,(Dex grins at his phone.),smug,,,,,,,1,
x-dex-match_blunder-02,dex,,match_blunder,(Dex sits up very straight.),smug,,,,,,,1,
x-dex-game_start-13,dex,,game_start,You. Obviously. Who else.,neutral,,,,6,,,1,
x-dex-game_start-14,dex,,game_start,"Chat’s been asking about you. There isn’t a chat. Fine, there’s a chat.",neutral,,,,6,,,1,
x-dex-game_start-16,dex,,game_start,We’ve played like a hundred times. Don’t make it weird.,neutral,,,,12,,,1,
x-oscar-game_start-01,oscar,,game_start,"(Oscar sets up the pieces, very neatly, and waits.)",neutral,,,,,,,1,
x-oscar-game_start-02,oscar,,game_start,Hello.,neutral,,,,,,,1,
x-oscar-game_start-03,oscar,,game_start,(Oscar nods.),neutral,,,,,,,1,
x-oscar-game_start-04,oscar,neil,game_start,"He’s done puzzles all week. Four hundred, he says.",neutral,,,,,,,1,
x-oscar-game_start-05,oscar,neil,game_start,Don’t go easy on him. He hates that.,neutral,,,,,,,1,
x-oscar-game_start-06,oscar,neil,game_start,"He’s got a tournament on Sunday, so. No pressure.",neutral,,,,,,,1,
x-oscar-game_start-07,oscar,,game_start,(Oscar straightens every piece on his side of the board.),neutral,,,,,,,1,
x-oscar-game_start-08,oscar,neil,game_start,He was up till ten on this. His mother wasn’t happy.,neutral,,,,,,,1,
x-oscar-game_start-09,oscar,,game_start,Good luck.,neutral,,,,,,,1,
x-oscar-game_start-10,oscar,neil,game_start,His coach says he's ready for this. Well. We'll see.,neutral,,,,,,,1,
x-oscar-game_win-01,oscar,,game_win,Thank you for the game.,pleased,,,,,,,1,
x-oscar-game_win-02,oscar,,game_win,(Oscar shakes your hand and starts putting the pieces away.),pleased,,,,,,,1,
x-oscar-game_win-03,oscar,neil,game_win,That’s the one he’s been practising. Did you see?,pleased,,,,,,,1,
x-oscar-game_win-04,oscar,neil,game_win,Brilliant. I’ll be telling his mother.,pleased,,,,,,,1,
x-oscar-game_win-05,oscar,,game_win,Good game.,pleased,,,,,,,1,
x-oscar-game_win-06,oscar,,game_win,"(Oscar looks pleased, then looks at his dad, then looks less pleased.)",pleased,,,,,,,1,
x-oscar-game_loss-01,oscar,,game_loss,Well played.,annoyed,,,,,,,1,
x-oscar-game_loss-02,oscar,,game_loss,(Oscar resets the board without a word.),annoyed,,,,,,,1,
x-oscar-game_loss-03,oscar,neil,game_loss,He’s tired. Long week at school.,annoyed,,,,,,,1,
x-oscar-game_loss-04,oscar,neil,game_loss,"He’d have had you if he’d castled. Wouldn’t you, Oscar.",annoyed,,,,,,,1,
x-oscar-game_loss-05,oscar,,game_loss,(Oscar looks at the board for a while after it’s over.),annoyed,,,,,,,1,
x-oscar-game_loss-06,oscar,,game_loss,Can we look at it?,annoyed,,,,,,,1,
x-oscar-match_great-01,oscar,,match_great,(Oscar looks up from the board.),surprised,,,,,,,1,
x-oscar-match_great-02,oscar,,match_great,(Neil stops talking.),surprised,,,,,,,1,
x-oscar-match_blunder-01,oscar,,match_blunder,(Oscar’s eyes go straight to the same square.),pleased,,,,,,,1,
x-oscar-match_blunder-02,oscar,,match_blunder,(Neil nudges the table. Oscar gives him a look.),pleased,,,,,,,1,
x-oscar-game_start-11,oscar,,game_start,(Oscar gives you a small wave.),pleased,,,,6,,,1,
x-oscar-game_start-12,oscar,neil,game_start,He asked if he could play you again. He never asks about anyone.,pleased,,,,6,,,1,
x-oscar-game_start-13,oscar,,game_start,Hello again.,pleased,,,,12,,,1,
x-oscar-game_start-14,oscar,neil,game_start,He keeps your games in a notebook. I’m not supposed to tell you.,pleased,,,,12,,,1,
x-clive-game_start-01,clive,,game_start,Hello. Let's keep it civilised.,neutral,,,,,,,1,
x-clive-game_start-02,clive,,game_start,I’ll try to keep it sensible.,neutral,,,,,,,1,
x-clive-game_start-03,clive,,game_start,"They say rain tomorrow. Mind you, they always do.",neutral,,,,,,,1,
x-clive-game_start-04,clive,,game_start,"No rush. We've got all the time in the world. Well, until the news.",neutral,,,,,,,1,
x-clive-game_start-05,clive,,game_start,Shall we see how it goes.,neutral,,,,,,,1,
x-clive-game_start-08,clive,,game_start,"Let’s not make it complicated, eh.",neutral,,,,,,,1,
x-clive-game_start-09,clive,,game_start,"I played this line in 1983. Similar result, I expect.",neutral,,,,,,,1,
x-clive-game_start-10,clive,,game_start,Good to see you sticking at it. Most people don’t.,neutral,,,,,,,1,
x-clive-game_win-01,clive,,game_win,There we are. Nothing dramatic.,pleased,,,,,,,1,
x-clive-game_win-02,clive,,game_win,"Well, that worked out.",pleased,,,,,,,1,
x-clive-game_win-03,clive,,game_win,Sensible chess. It gets there eventually.,pleased,,,,,,,1,
x-clive-game_win-04,clive,,game_win,"I’d have taken a draw, you know.",pleased,,,,,,,1,
x-clive-game_win-05,clive,,game_win,Right. Tea.,pleased,,,,,,,1,
x-clive-game_win-06,clive,,game_win,Can’t complain.,pleased,,,,,,,1,
x-clive-game_loss-01,clive,,game_loss,Fair enough. You wanted it more.,neutral,,,,,,,1,
x-clive-game_loss-02,clive,,game_loss,"Well done. A bit keen, but well done.",neutral,,,,,,,1,
x-clive-game_loss-03,clive,,game_loss,I did offer the draw.,neutral,,,,,,,1,
x-clive-game_loss-04,clive,,game_loss,"That’s that, then. Mild weather we’re having.",neutral,,,,,,,1,
x-clive-game_loss-05,clive,,game_loss,Good game. I’ll be home for the news.,neutral,,,,,,,1,
x-clive-game_loss-06,clive,,game_loss,You made something out of not very much. I’ll give you that.,neutral,,,,,,,1,
x-clive-match_great-01,clive,,match_great,(Clive puts his cup down.),surprised,,,,,,,1,
x-clive-match_great-02,clive,,match_great,"(Clive raises his eyebrows, very slightly.)",surprised,,,,,,,1,
x-clive-match_blunder-01,clive,,match_blunder,"(Clive nods, once.)",pleased,,,,,,,1,
x-clive-match_blunder-02,clive,,match_blunder,(Clive reaches for his flask. He looks quite pleased.),pleased,,,,,,,1,
x-clive-game_start-11,clive,,game_start,"Our usual, then.",pleased,,,,6,,,1,
x-clive-game_start-12,clive,,game_start,I’ve started looking forward to these. Don’t tell anyone.,pleased,,,,6,,,1,
x-clive-game_start-13,clive,,game_start,We’ll be here all night at this rate.,pleased,,,,12,,,1,
x-priya-game_start-01,priya,,game_start,I’ve prepared something. You’ll see it by move eight.,neutral,,,,,,,1,
x-priya-game_start-02,priya,,game_start,"Hi. Sorry, I’m just finishing a chapter.",neutral,,,,,,,1,
x-priya-game_start-03,priya,,game_start,Can I ask what you play against the Ruy? For my notes.,neutral,,,,,,,1,
x-priya-game_start-04,priya,,game_start,I’ve been doing the exercises at the back of the book.,neutral,,,,,,,1,
x-priya-game_start-05,priya,,game_start,Let’s see if the theory holds up.,neutral,,,,,,,1,
x-priya-game_start-06,priya,,game_start,I made flashcards for this. Not about you. Mostly.,neutral,,,,,,,1,
x-priya-game_start-07,priya,,game_start,"Hello. I’m going to take my time, if that’s alright.",neutral,,,,,,,1,
x-priya-game_start-08,priya,,game_start,Someone lent me a book. I’ve read it twice.,neutral,,,,,,,1,
x-priya-game_start-09,priya,,game_start,I’m trying a new move order. Don’t tell me if it’s wrong.,neutral,,,,,,,1,
x-priya-game_start-10,priya,,game_start,Right. Deep breath.,neutral,,,,,,,1,
x-priya-game_start-11,priya,,game_start,I write my moves down in pencil. Ink feels so final.,neutral,,,,,,,1,
x-priya-game_win-01,priya,,game_win,It’s all in chapter six. I can lend it to you.,pleased,,,,,,,1,
x-priya-game_win-02,priya,,game_win,Oh. It actually worked.,pleased,,,,,,,1,
x-priya-game_win-03,priya,,game_win,That was the main line all the way. Nice to see it happen.,pleased,,,,,,,1,
x-priya-game_win-04,priya,,game_win,"Good game. You left the book early, by the way. I noticed.",pleased,,,,,,,1,
x-priya-game_win-05,priya,,game_win,Thank you. I’ll write that up.,pleased,,,,,,,1,
x-priya-game_win-06,priya,,game_win,I think the book would call that a small plus.,pleased,,,,,,,1,
x-priya-game_loss-01,priya,,game_loss,"Where did I go wrong? No, don’t tell me. I’ll find it.",annoyed,,,,,,,1,
x-priya-game_loss-02,priya,,game_loss,That wasn’t in the book.,annoyed,,,,,,,1,
x-priya-game_loss-03,priya,,game_loss,"I need to look at that position again. Tonight, probably.",annoyed,,,,,,,1,
x-priya-game_loss-04,priya,,game_loss,Well played. I’ll be up late.,annoyed,,,,,,,1,
x-priya-game_loss-05,priya,,game_loss,I knew the first twenty moves. It was the twenty-first.,annoyed,,,,,,,1,
x-priya-game_loss-06,priya,,game_loss,Can we go over it? I want to know what I missed.,annoyed,,,,,,,1,
x-priya-match_great-01,priya,,match_great,"(Priya looks up, alarmed.)",surprised,,,,,,,1,
x-priya-match_great-02,priya,,match_great,(Priya writes a small question mark on her scoresheet.),surprised,,,,,,,1,
x-priya-match_blunder-01,priya,,match_blunder,"(Priya checks her notes, then checks again.)",pleased,,,,,,,1,
x-priya-match_blunder-02,priya,,match_blunder,(Priya sits forward.),pleased,,,,,,,1,
x-priya-game_start-12,priya,,game_start,I’ve got a whole page on you now.,pleased,,,,6,,,1,
x-priya-game_start-13,priya,,game_start,I looked at our last game three times.,pleased,,,,6,,,1,
x-priya-game_start-14,priya,,game_start,I think we’ve played more games than I’ve read books. Nearly.,pleased,,,,12,,,1,
x-graham-game_start-01,graham,,game_start,Good day. Blue or black ink? I'll assume blue.,neutral,,,,,,,1,
x-graham-game_start-02,graham,,game_start,I’ve adjusted the clocks. They were three seconds out.,neutral,,,,,,,1,
x-graham-game_start-03,graham,,game_start,I've updated my records. Page two concerns you. Briefly.,neutral,,,,,,,1,
x-graham-game_start-08,graham,,game_start,I’ve a new scoresheet design. Two columns wider. You’ll like it.,neutral,,,,,,,1,
x-graham-game_start-09,graham,,game_start,The federation hasn't replied. Again.,neutral,,,,,,,1,
x-graham-game_start-10,graham,,game_start,"Let’s have a correct game, shall we.",neutral,,,,,,,1,
x-graham-game_win-01,graham,,game_win,A correct result. I’ll record it.,pleased,,,,,,,1,
x-graham-game_win-02,graham,,game_win,"Well played, but not quite correctly.",pleased,,,,,,,1,
x-graham-game_win-03,graham,,game_win,That'll go in my records. As a footnote.,pleased,,,,,,,1,
x-graham-game_win-04,graham,,game_win,Result noted. Thank you for your cooperation.,pleased,,,,,,,1,
x-graham-game_win-05,graham,,game_win,I’ve played that ending before. Nineteen ninety-four. I have the scoresheet.,pleased,,,,,,,1,
x-graham-game_loss-01,graham,,game_loss,"Irritating, but correct. Well done.",annoyed,,,,,,,1,
x-graham-game_loss-02,graham,,game_loss,I’ll be checking that move at home. For the record.,annoyed,,,,,,,1,
x-graham-game_loss-03,graham,,game_loss,Fair result. I'll record it. Reluctantly.,annoyed,,,,,,,1,
x-graham-game_loss-04,graham,,game_loss,Well. I'll be looking into that.,annoyed,,,,,,,1,
x-graham-game_loss-05,graham,,game_loss,Congratulations. Please sign both copies.,annoyed,,,,,,,1,
x-graham-match_great-01,graham,,match_great,(Graham stops writing.),surprised,,,,,,,1,
x-graham-match_great-02,graham,,match_great,(Graham takes his glasses off and cleans them.),surprised,,,,,,,1,
x-graham-match_blunder-01,graham,,match_blunder,(Graham records the move with some satisfaction.),pleased,,,,,,,1,
x-graham-match_blunder-02,graham,,match_blunder,(Graham clears his throat.),pleased,,,,,,,1,
x-graham-game_start-12,graham,,game_start,Us again. I've given our games their own column.,neutral,,,,6,,,1,
x-graham-game_start-13,graham,,game_start,I keep a record of our games. For the archive.,neutral,,,,6,,,1,
x-graham-game_start-14,graham,,game_start,"Our series now stands at, well. I have a spreadsheet.",neutral,,,,12,,,1,
x-toby-game_start-01,toby,,game_start,Mate! Good to see you.,pleased,,,,,,,1,
x-toby-game_start-02,toby,,game_start,"No pressure. It’s all learning, isn’t it.",pleased,,,,,,,1,
x-toby-game_start-03,toby,,game_start,I’ve been working on my endgames. Only a bit.,pleased,,,,,,,1,
x-toby-game_start-04,toby,,game_start,Big fan of your games lately. Genuinely.,pleased,,,,,,,1,
x-toby-game_start-05,toby,,game_start,Shall we? I’m just happy to be here.,pleased,,,,,,,1,
x-toby-game_start-06,toby,,game_start,Coach says I should play more slowly. We’ll see.,pleased,,,,,,,1,
x-toby-game_start-07,toby,,game_start,"You’re on a great run, honestly. Love to see it.",pleased,,,,,,,1,
x-toby-game_start-09,toby,,game_start,Good week? Mine’s been mad. Anyway.,pleased,,,,,,,1,
x-toby-game_start-10,toby,,game_start,"Let’s both just enjoy it, yeah?",pleased,,,,,,,1,
x-toby-game_win-01,toby,,game_win,"Good game! Honestly, it could have gone either way.",smug,,,,,,,1,
x-toby-game_win-02,toby,,game_win,"Lucky, that. Really lucky.",smug,,,,,,,1,
x-toby-game_win-03,toby,,game_win,"You’ll get me next time, mate.",smug,,,,,,,1,
x-toby-game_win-04,toby,,game_win,That was a proper game. Loved it.,smug,,,,,,,1,
x-toby-game_win-05,toby,,game_win,I think I just got the better position out of the opening. Anyone would have.,smug,,,,,,,1,
x-toby-game_win-06,toby,,game_win,Don’t be hard on yourself. Seriously.,smug,,,,,,,1,
x-toby-game_loss-01,toby,,game_loss,"Honestly, mate, deserved. Totally deserved.",annoyed,,,,,,,1,
x-toby-game_loss-02,toby,,game_loss,Ah. Well played. Genuinely.,annoyed,,,,,,,1,
x-toby-game_loss-03,toby,,game_loss,I’ll take the learnings from that.,annoyed,,,,,,,1,
x-toby-game_loss-04,toby,,game_loss,"Fair play. Honestly, fair play.",annoyed,,,,,,,1,
x-toby-game_loss-05,toby,,game_loss,"Great game. I was tired, but great game.",annoyed,,,,,,,1,
x-toby-game_loss-06,toby,,game_loss,"No, that’s brilliant for you. Really.",annoyed,,,,,,,1,
x-toby-match_great-01,toby,,match_great,"(Toby’s smile goes, then comes back.)",surprised,,,,,,,1,
x-toby-match_great-02,toby,,match_great,(Toby looks at you properly for the first time tonight.),surprised,,,,,,,1,
x-toby-match_blunder-01,toby,,match_blunder,"(Toby looks up, then down again, quickly.)",smug,,,,,,,1,
x-toby-match_blunder-02,toby,,match_blunder,(Toby leans back in his chair.),smug,,,,,,,1,
x-toby-game_start-11,toby,,game_start,"Us again, mate. It’s becoming a thing.",pleased,,,,6,,,1,
x-toby-game_start-12,toby,,game_start,I always look forward to ours. Honestly.,pleased,,,,6,,,1,
x-toby-game_start-13,toby,,game_start,How many is this now? Doesn’t matter. Love it.,pleased,,,,12,,,1,
x-sheila-game_start-01,sheila,,game_start,"Oh, lovely. I was hoping someone would ask.",pleased,,,,,,,1,
x-sheila-game_start-02,sheila,,game_start,"I’ve been practising. Well, I’ve been thinking about practising.",pleased,,,,,,,1,
x-sheila-game_start-03,sheila,,game_start,"Go easy on me. Well, don’t. I’ll know.",pleased,,,,,,,1,
x-sheila-game_start-04,sheila,,game_start,I only really play for the company. Don’t tell anyone.,pleased,,,,,,,1,
x-sheila-game_start-06,sheila,,game_start,"I’m better than I look. Not much, but a bit.",pleased,,,,,,,1,
x-sheila-game_start-07,sheila,,game_start,My husband says I play too fast. He says a lot of things.,pleased,,,,,,,1,
x-sheila-game_start-08,sheila,,game_start,Right. Where do the horses go again? Joking.,pleased,,,,,,,1,
x-sheila-game_win-01,sheila,,game_win,Well! I’ll be telling everyone about that.,pleased,,,,,,,1,
x-sheila-game_win-02,sheila,,game_win,Beginner’s luck. I’ve been a beginner for twelve years.,pleased,,,,,,,1,
x-sheila-game_win-03,sheila,,game_win,"Oh, I didn’t expect that. Did you?",pleased,,,,,,,1,
x-sheila-game_win-04,sheila,,game_win,"That’s made my week, that has.",pleased,,,,,,,1,
x-sheila-game_loss-01,sheila,,game_loss,"Well played, love. I never saw it coming. I never do.",neutral,,,,,,,1,
x-sheila-game_loss-02,sheila,,game_loss,"Oh, go on then. Same again sometime?",neutral,,,,,,,1,
x-sheila-game_loss-03,sheila,,game_loss,I’ll stick to crosswords.,neutral,,,,,,,1,
x-sheila-game_loss-04,sheila,,game_loss,That was lovely. Losing aside.,neutral,,,,,,,1,
x-sheila-game_start-09,sheila,,game_start,You again! I’ll have to start practising.,pleased,,,,6,,,1,
x-bill-game_start-01,bill,,game_start,Take your time. I always do.,neutral,,,,,,,1,
x-bill-game_start-02,bill,,game_start,I started playing in 1974. The pieces were heavier then.,neutral,,,,,,,1,
x-bill-game_start-03,bill,,game_start,Hello. I’ll just get my glasses.,neutral,,,,,,,1,
x-bill-game_start-04,bill,,game_start,I’ve seen every opening there is. Most of them twice.,neutral,,,,,,,1,
x-bill-game_start-05,bill,,game_start,Don’t mind me. I don’t resign. Never have.,neutral,,,,,,,1,
x-bill-game_start-07,bill,,game_start,I like a long game. There’s nothing on the telly.,neutral,,,,,,,1,
x-bill-game_start-08,bill,,game_start,"You’ve come on, I hear. Let’s see.",neutral,,,,,,,1,
x-bill-game_win-01,bill,,game_win,"There. Slow and steady. It still works, now and then.",pleased,,,,,,,1,
x-bill-game_win-02,bill,,game_win,"Well, I never. Don’t tell anyone.",pleased,,,,,,,1,
x-bill-game_win-03,bill,,game_win,I learned that one in 1981. Took me till today to use it.,pleased,,,,,,,1,
x-bill-game_win-04,bill,,game_win,Good game. You nearly had me. Nearly.,pleased,,,,,,,1,
x-bill-game_loss-01,bill,,game_loss,"Well played. I’d have resigned, if I did that.",neutral,,,,,,,1,
x-bill-game_loss-02,bill,,game_loss,You’ll go far. They all do. Some come back.,neutral,,,,,,,1,
x-bill-game_loss-03,bill,,game_loss,"That’s the way. Good lad. Or lass. Good player, anyway.",neutral,,,,,,,1,
x-bill-game_loss-04,bill,,game_loss,"Very good. I enjoyed that, even so.",neutral,,,,,,,1,
x-bill-game_start-09,bill,,game_start,You and me again. Good. I look forward to it.,pleased,,,,6,,,1,
x-bill-game_start-10,bill,,game_start,I tell people about our games. Not that they ask.,pleased,,,,6,,,1,
x-bill-game_start-11,bill,,game_start,"The photo's back up, I see. About time.",pleased,2,,,,,,1,yes
x-bill-game_start-12,bill,,game_start,Vera played on in lost positions too. Drove him mad.,neutral,2,,,,,,1,yes
x-pemberton-game_start-01,pemberton,,game_start,"Right. I’ll play at your level. Ask for the engine if you must, but think first.",neutral,,,,,,,1,
x-pemberton-game_start-02,pemberton,,game_start,"Sit down. We’ll play, and I’ll tell you what you’re doing wrong.",neutral,,,,,,,1,
x-pemberton-game_start-03,pemberton,,game_start,Take your time. There’s no clock on a Tuesday.,neutral,,,,,,,1,
x-pemberton-game_start-04,pemberton,,game_start,Show me what you did with last week’s lesson.,neutral,,,,,,,1,
x-pemberton-game_start-05,pemberton,,game_start,Development first. I say it every week. I’ll say it again.,neutral,,,,,,,1,
x-pemberton-game_start-06,pemberton,,game_start,Let’s see if you’ve been practising. Toby has.,neutral,,,,,,,1,
x-pemberton-game_start-07,pemberton,,game_start,In my day we played a coaching game every week. Nobody enjoyed it. Everybody improved.,neutral,,,,,,,1,
x-pemberton-game_start-08,pemberton,,game_start,"Play the position, not the person. Even if the person is me.",neutral,,,,,,,1,
x-pemberton-game_start-09,pemberton,,game_start,"Before every move: checks, captures, threats. Theirs, then yours.",neutral,,,,,,,1,
x-pemberton-game_start-10,pemberton,,game_start,We’ll go slowly. Slowly is how you get fast.,neutral,,,,,,,1,
x-pemberton-game_start-11,pemberton,,game_start,Hints are there if you need them. I’d rather you didn’t.,neutral,,,,,,,1,
x-pemberton-game_start-12,pemberton,,game_start,"Right. Let’s begin. Sit up straight, it helps.",neutral,,,,,,,1,
x-pemberton-game_win-01,pemberton,,game_win,There. Now go back and find where it went. It’s earlier than you think.,smug,,,,,,,1,
x-pemberton-game_win-02,pemberton,,game_win,"Good effort. Not good enough, but good effort.",smug,,,,,,,1,
x-pemberton-game_win-03,pemberton,,game_win,You gave me one chance. That’s one too many.,smug,,,,,,,1,
x-pemberton-game_win-04,pemberton,,game_win,Review it. Properly. Not just the blunders.,smug,,,,,,,1,
x-pemberton-game_win-05,pemberton,,game_win,Better than last week. Don’t let it go to your head.,smug,,,,,,,1,
x-pemberton-game_win-06,pemberton,,game_win,Toby would have held that. Just so you know.,smug,,,,,,,1,
x-pemberton-game_loss-01,pemberton,,game_loss,Hm. Yes. Well played. I was testing you.,annoyed,,,,,,,1,
x-pemberton-game_loss-02,pemberton,,game_loss,Correct. That was correct. Do it on Saturday.,annoyed,,,,,,,1,
x-pemberton-game_loss-03,pemberton,,game_loss,Good. You found the plan and stuck to it.,annoyed,,,,,,,1,
x-pemberton-game_loss-04,pemberton,,game_loss,Don’t get used to it.,annoyed,,,,,,,1,
x-pemberton-game_loss-05,pemberton,,game_loss,That’s the lesson learned. Now do it against someone who isn’t going easy.,annoyed,,,,,,,1,
x-pemberton-game_loss-06,pemberton,,game_loss,I let you have the centre. You took it. Good.,annoyed,,,,,,,1,
x-pemberton-player_blunder-01,pemberton,,player_blunder,"No. Take it back and look again. Checks, captures, threats.",annoyed,,friendly,,,,,1,
x-pemberton-player_blunder-02,pemberton,,player_blunder,You didn’t look at my reply. You never look at my reply.,annoyed,,friendly,,,,,1,
x-pemberton-player_blunder-03,pemberton,,player_blunder,That’s a piece. Use the takeback. That’s what Tuesdays are for.,annoyed,,friendly,,,,,1,
x-pemberton-strong_move-01,pemberton,,strong_move,Good. That’s the move.,surprised,,friendly,,,,,1,
x-pemberton-strong_move-02,pemberton,,strong_move,Yes. I’d have played that.,surprised,,friendly,,,,,1,
x-pemberton-strong_move-03,pemberton,,strong_move,Hm. Better than I expected.,surprised,,friendly,,,,,1,
x-pemberton-bot_blunder-01,pemberton,,bot_blunder,"I’ve left something there. On purpose, obviously. Find it.",annoyed,,friendly,,,,,1,
x-pemberton-bot_blunder-02,pemberton,,bot_blunder,There’s a tactic on the board. I’m not saying where.,annoyed,,friendly,,,,,1,
x-pemberton-game_start-13,pemberton,,game_start,Tuesday again. Good. You’re one of the ones who comes back.,neutral,,,,6,,,1,
x-pemberton-game_start-14,pemberton,,game_start,You’re improving. Don’t tell anyone I said so.,neutral,,,,6,,,1,
x-ray-game_start-01,ray,,game_start,Juniors are all picked up. I’ve got time for one.,pleased,,,,,,,1,
x-ray-game_start-02,ray,,game_start,"Right, a grown-up game. Makes a change.",pleased,,,,,,,1,
x-ray-game_start-03,ray,,game_start,My students say you're decent. Let's see.,pleased,,,,,,,1,
x-ray-game_start-04,ray,,game_start,I’ll try not to explain everything. Force of habit.,pleased,,,,,,,1,
x-ray-game_start-05,ray,,game_start,Go on then. I’ve been teaching the Italian all day.,pleased,,,,,,,1,
x-ray-game_start-07,ray,,game_start,I don’t get many games these days. Be gentle. Or don’t.,pleased,,,,,,,1,
x-ray-game_win-01,ray,,game_win,"Good game. You’d do well on junior night. As a teacher, I mean.",pleased,,,,,,,1,
x-ray-game_win-02,ray,,game_win,"There we are. Same mistake as the under-twelves, mind.",pleased,,,,,,,1,
x-ray-game_win-03,ray,,game_win,Nice try. Have a look at that ending later.,pleased,,,,,,,1,
x-ray-game_win-04,ray,,game_win,I enjoyed that. Come back when the juniors are off.,pleased,,,,,,,1,
x-ray-game_loss-01,ray,,game_loss,Well played. I’ll be telling the juniors about that one.,neutral,,,,,,,1,
x-ray-game_loss-02,ray,,game_loss,Fair enough. I was thinking about lesson plans.,neutral,,,,,,,1,
x-ray-game_loss-03,ray,,game_loss,That was very good. I mean it.,neutral,,,,,,,1,
x-ray-game_loss-04,ray,,game_loss,You’ve got a plan and you stick to it. That’s most of it.,neutral,,,,,,,1,
terry-start-01,terry,,game_start,I’ve been working on something. You’ll know it when you see it.,pleased,,,1,,,,3,yes
terry-start-02,terry,,game_start,"Before we start: I don’t really believe in development. As a concept.",neutral,,,,,,,1,
terry-start-03,terry,,game_start,Opening theory is just other people’s opinions.,neutral,,,,,,,1,
terry-start-04,terry,,game_start,I read somewhere that the king is a strong piece. I’ve decided to take that literally.,pleased,,,,,,,1,
terry-start-05,terry,,game_start,Last week I lost in four moves. I stand by it.,neutral,,,,,,,1,
terry-start-06,terry,,game_start,"I’ve got a new one. It hasn’t got a name yet, so I’ve been calling it the Terry.",pleased,,,,,,,1,
terry-start-07,terry,,game_start,My club's asked me not to show the juniors anything. Fair enough.,neutral,,,,,,,1,
terry-start-08,terry,,game_start,Right. Let’s see what happens. I genuinely don’t know.,neutral,,,,,,,1,
terry-start-09,terry,,game_start,"{name}. You look like someone who’s read about the Sicilian. Good, that won’t help.",pleased,,,,,,,1,
terry-start-10,terry,,game_start,My club's started a separate page for my games.,pleased,,,,3,,,1,
terry-start-11,terry,,game_start,You'll have seen my last one. People are still talking about it.,pleased,,,,3,,,1,
terry-start-12,terry,,game_start,"I’ve been reading about the Grob. Well, a page about it. Well, the title.",neutral,,,,,,,1,
terry-win-01,terry,,game_win,And they say it’s unsound.,pleased,,,,,,,1,
terry-win-02,terry,,game_win,I’d like it noted that I planned none of that.,pleased,,,,,,,1,
terry-win-03,terry,,game_win,Don't tell my coach. He'll only ask me to explain it.,pleased,,,,,,,1,
terry-win-04,terry,,game_win,"The king walked, and the king was right.",pleased,,,,,,,1,
terry-win-05,terry,,game_win,Every so often it works. That’s the whole point.,pleased,,,,,,,1,
terry-win-06,terry,,game_win,That’s going on the fridge.,pleased,,,,,,,1,
terry-loss-01,terry,,game_loss,Fair. The king went for a walk and didn’t come back.,pleased,,,,,,,1,
terry-loss-02,terry,,game_loss,I stand by every move. Most of them.,neutral,,,,,,,1,
terry-loss-03,terry,,game_loss,"That’s the thing about my openings. They’re honest about how it’ll end.",neutral,,,,,,,1,
terry-loss-04,terry,,game_loss,"Worth it. I’d play it again. I will play it again, actually.",pleased,,,,,,,1,
terry-loss-05,terry,,game_loss,Someone's going to enjoy writing that down.,neutral,,,,,,,1,
terry-loss-06,terry,,game_loss,Next time I've got something with the h-pawn. You've been warned.,pleased,,,,,,,1,
terry-check-01,terry,,check_given,Check. I always say it out loud. It’s only polite.,pleased,,,,,,,1,
terry-castle-01,terry,,castling,Castled. Don’t tell anyone. It’ll ruin me.,neutral,,,,,,,1,
terry-pblunder-01,terry,,player_blunder,"Oh, that’s generous. I’ll take it before you change your mind.",pleased,,,,,,,1,
terry-bblunder-01,terry,,bot_blunder,Ah. I did see that. Just slightly after.,surprised,,,,,,,1,
terry-bblunder-02,terry,,bot_blunder,That was a sacrifice. I’ll work out what for later.,neutral,,,,,,,1,
r-marjorie-pb-01,marjorie,,player_blunder,"Oh dear. Are you sure, love? Too late now.",pleased,,,,,,,1,
r-marjorie-pb-02,marjorie,,player_blunder,"I think you’ve left something behind there, dear.",pleased,,,,,,,1,
r-marjorie-pb-03,marjorie,,player_blunder,"Oh. I’ll have to take that, I’m afraid. Sorry, love.",pleased,,,,,,,1,
r-marjorie-pb-04,marjorie,,player_blunder,"That’s one for the review, I think.",neutral,,,,,,,1,
r-marjorie-pb-05,marjorie,,player_blunder,"You’ll kick yourself in a minute. I did that in 1987.",pleased,,,,,,,1,
r-marjorie-sm-01,marjorie,,strong_move,"Ooh. Somebody’s been listening on Tuesdays.",surprised,,,,,,,1,
r-marjorie-sm-02,marjorie,,strong_move,"Well, that’s spoilt my plans.",annoyed,,,,,,,1,
r-marjorie-sm-03,marjorie,,strong_move,"Very tidy. I don’t like it at all.",annoyed,,,,,,,1,
r-marjorie-sm-04,marjorie,,strong_move,"Oh, that’s rather good, isn’t it?",surprised,,,,,,,1,
r-marjorie-cap-01,marjorie,,capture_minor,"Your {piece}, I think. Thank you, dear.",pleased,,,,,,,1,
r-marjorie-cap-02,marjorie,,capture_minor,"I’ll just pop that {piece} in the box.",pleased,,,,,,,1,
r-marjorie-cap-03,marjorie,,capture_rook,"That rook wasn’t doing much. Now it’s doing nothing.",pleased,,,,,,,1,
r-marjorie-q-01,marjorie,,capture_queen,"Oh, your queen. I do feel a bit mean.",pleased,,,,,,,1,
r-marjorie-q-02,marjorie,,capture_queen,"I'll take the queen, love. I'll make it up to you. I won't.",pleased,,,,,,,1,
r-marjorie-win-01,marjorie,,clearly_winning,"I’d start thinking about the endgame, if I were you. I have been.",pleased,,,,,,,1,
r-marjorie-win-02,marjorie,,clearly_winning,"We’ll have this finished before the tea goes cold.",pleased,,,,,,,1,
r-marjorie-win-03,marjorie,,clearly_winning,"Don’t give up, love. I never do. Mind you, I’m winning.",pleased,,,,,,,1,
r-marjorie-lose-01,marjorie,,clearly_losing,"Well. You’ve got me in a bit of a pickle.",annoyed,,,,,,,1,
r-marjorie-lose-02,marjorie,,clearly_losing,"I’m not resigning. I’ve come back from worse. Not often.",annoyed,,,,,,,1,
r-marjorie-lose-03,marjorie,,clearly_losing,"This is where I’d normally put the kettle on.",annoyed,,,,,,,1,
r-marjorie-chk-01,marjorie,,check_given,"Check, dear.",neutral,,,,,,,1,
r-marjorie-chk-02,marjorie,,check_given,"Check. Sorry. Not really.",pleased,,,,,,,1,
r-marjorie-cas-01,marjorie,,castling,"King in the corner. Safe as houses.",neutral,,,,,,,1,
r-dex-pb-01,dex,,player_blunder,"Oh, that’s a clip.",smug,,,,,,,1,
r-dex-pb-02,dex,,player_blunder,"Mouse slip? There’s no mouse. That’s just a blunder.",smug,,,,,,,1,
r-dex-pb-03,dex,,player_blunder,"Chat would’ve seen that.",smug,,,,,,,1,
r-dex-pb-04,dex,,player_blunder,"Free. Thank you.",smug,,,,,,,1,
r-dex-pb-05,dex,,player_blunder,"In bullet you’d have got away with that.",smug,,,,,,,1,
r-dex-sm-01,dex,,strong_move,"OK. Didn’t see that.",surprised,,,,,,,1,
r-dex-sm-02,dex,,strong_move,"That’s annoying. That’s actually good.",annoyed,,,,,,,1,
r-dex-sm-03,dex,,strong_move,"Engine move. Suspicious.",annoyed,,,,,,,1,
r-dex-sm-04,dex,,strong_move,"Fine. Respect.",neutral,,,,,,,1,
r-dex-cap-01,dex,,capture_minor,"Your {piece}. Thanks.",smug,,,,,,,1,
r-dex-cap-02,dex,,capture_minor,"Took the {piece}. Not even sorry.",smug,,,,,,,1,
r-dex-cap-03,dex,,capture_rook,"There goes your rook. Keep up.",smug,,,,,,,1,
r-dex-q-01,dex,,capture_queen,"Queen’s gone. GG, basically.",smug,,,,,,,1,
r-dex-q-02,dex,,capture_queen,"That’s your queen. I’m going to enjoy the rest of this.",smug,,,,,,,1,
r-dex-win-01,dex,,clearly_winning,"This is over. We can keep going if you want.",smug,,,,,,,1,
r-dex-win-02,dex,,clearly_winning,"Plus five, easily. I don’t need an engine for that.",smug,,,,,,,1,
r-dex-win-03,dex,,clearly_winning,"I’d resign here. I’d have resigned three moves ago.",smug,,,,,,,1,
r-dex-lose-01,dex,,clearly_losing,"It’s fine. I’m setting something up.",annoyed,,,,,,,1,
r-dex-lose-02,dex,,clearly_losing,"This is a swindle position. Watch.",annoyed,,,,,,,1,
r-dex-lose-03,dex,,clearly_losing,"OK. Don’t clip this.",annoyed,,,,,,,1,
r-dex-chk-01,dex,,check_given,"Check. Keep up.",smug,,,,,,,1,
r-dex-chk-02,dex,,check_given,"Check. That’s how it starts.",smug,,,,,,,1,
r-dex-cas-01,dex,,castling,"Castled. Don’t get used to it.",neutral,,,,,,,1,
r-oscar-pb-01,oscar,neil,player_blunder,"He’ll have seen that. He sees everything.",pleased,,,,,,,1,
r-oscar-pb-02,oscar,neil,player_blunder,"Oh, that’s a gift. Say thank you, Oscar. Oscar.",pleased,,,,,,,1,
r-oscar-pb-03,oscar,,player_blunder,"(Oscar looks up at you, then straight back down.)",neutral,,,,,,,1,
r-oscar-sm-01,oscar,neil,strong_move,"Good move, that. Wasn’t it, Oscar? Oscar?",surprised,,,,,,,1,
r-oscar-sm-02,oscar,,strong_move,(Oscar frowns at the board.),annoyed,,,,,,,1,
r-oscar-sm-03,oscar,neil,strong_move,"He won’t like that. He doesn’t show it, but he won’t.",neutral,,,,,,,1,
r-oscar-cap-01,oscar,neil,capture_minor,"That’s your {piece} gone. He’s quick, isn’t he?",pleased,,,,,,,1,
r-oscar-cap-02,oscar,,capture_minor,(Oscar puts your {piece} neatly beside the board.),neutral,,,,,,,1,
r-oscar-q-01,oscar,neil,capture_queen,"Your queen! He does that at school, you know.",pleased,,,,,,,1,
r-oscar-win-01,oscar,neil,clearly_winning,"He’s winning, I think. I can never tell. He can.",pleased,,,,,,,1,
r-oscar-win-02,oscar,,clearly_winning,(Oscar has started swinging his legs.),pleased,,,,,,,1,
r-oscar-lose-01,oscar,neil,clearly_losing,"He’ll come back. He always comes back. Mostly.",neutral,,,,,,,1,
r-oscar-lose-02,oscar,,clearly_losing,(Oscar has gone very quiet. Quieter.),annoyed,,,,,,,1,
r-oscar-chk-01,oscar,,check_given,(Oscar says “check” so quietly you almost miss it.),neutral,,,,,,,1,
r-clive-pb-01,clive,,player_blunder,"Ah. That’s a shame. For you.",pleased,,,,,,,1,
r-clive-pb-02,clive,,player_blunder,"I’ll take that, and then offer you a draw. No, I won’t.",pleased,,,,,,,1,
r-clive-pb-03,clive,,player_blunder,"Mm. I’d have played something else.",neutral,,,,,,,1,
r-clive-pb-04,clive,,player_blunder,"That’s the trouble with attacking. It leaves things lying about.",pleased,,,,,,,1,
r-clive-sm-01,clive,,strong_move,"Hm. Yes. Annoying.",neutral,,,,,,,1,
r-clive-sm-02,clive,,strong_move,"That’s the move. I was hoping you wouldn’t find it.",neutral,,,,,,,1,
r-clive-sm-03,clive,,strong_move,"Well played. I suppose we’re not drawing, then.",neutral,,,,,,,1,
r-clive-cap-01,clive,,capture_minor,"Your {piece}. Thank you.",pleased,,,,,,,1,
r-clive-cap-02,clive,,capture_minor,"One {piece} fewer. Simpler.",pleased,,,,,,,1,
r-clive-q-01,clive,,capture_queen,"Queens off. Well, yours is.",pleased,,,,,,,1,
r-clive-win-01,clive,,clearly_winning,"I think I’m better. Don’t tell anyone, they’ll expect it.",pleased,,,,,,,1,
r-clive-win-02,clive,,clearly_winning,"This is the sort of ending I like. Mine.",pleased,,,,,,,1,
r-clive-lose-01,clive,,clearly_losing,"I don’t suppose you’d take a draw.",neutral,,,,,,,1,
r-clive-lose-02,clive,,clearly_losing,"It’s not lost. It’s just not very good.",neutral,,,,,,,1,
r-clive-chk-01,clive,,check_given,"Check. Nothing exciting.",neutral,,,,,,,1,
r-priya-pb-01,priya,,player_blunder,"That isn’t in any of the books. For a reason.",surprised,,,,,,,1,
r-priya-pb-02,priya,,player_blunder,"Oh. I think that loses a piece. I’ve checked. It does.",surprised,,,,,,,1,
r-priya-pb-03,priya,,player_blunder,"You should look at that one afterwards.",neutral,,,,,,,1,
r-priya-sm-01,priya,,strong_move,"That’s the main line. How do you know the main line?",surprised,,,,,,,1,
r-priya-sm-02,priya,,strong_move,"That wasn’t in my notes.",surprised,,,,,,,1,
r-priya-sm-03,priya,,strong_move,"Oh. That’s good. That’s really good.",surprised,,,,,,,1,
r-priya-cap-01,priya,,capture_minor,"Your {piece}. Sorry. It was theory.",pleased,,,,,,,1,
r-priya-cap-02,priya,,capture_minor,"I’m taking the {piece}. I think that’s right.",neutral,,,,,,,1,
r-priya-q-01,priya,,capture_queen,"Your queen. I didn’t think you’d allow that.",surprised,,,,,,,1,
r-priya-win-01,priya,,clearly_winning,"I think I’m winning. I don’t know what to do when I’m winning.",pleased,,,,,,,1,
r-priya-win-02,priya,,clearly_winning,"Plus three. Probably. Don’t quote me.",pleased,,,,,,,1,
r-priya-lose-01,priya,,clearly_losing,"I’m out of book and I’m losing. That’s the worst combination.",surprised,,,,,,,1,
r-priya-lose-02,priya,,clearly_losing,"I need to think. For quite a long time.",surprised,,,,,,,1,
r-priya-chk-01,priya,,check_given,"Check. Is that right? Yes. Check.",neutral,,,,,,,1,
r-graham-pb-01,graham,,player_blunder,"I shall be recording that with a question mark. Two, in fact.",smug,,,,,,,1,
r-graham-pb-02,graham,,player_blunder,"An error. I’m not obliged to point it out. I just like to.",smug,,,,,,,1,
r-graham-pb-03,graham,,player_blunder,"Irregular. And, I’m afraid, losing.",smug,,,,,,,1,
r-graham-pb-04,graham,,player_blunder,"I’ll note that for the club’s records.",smug,,,,,,,1,
r-graham-sm-01,graham,,strong_move,"A correct move. Noted.",annoyed,,,,,,,1,
r-graham-sm-02,graham,,strong_move,"That’s in accordance with principle. Annoyingly.",annoyed,,,,,,,1,
r-graham-sm-03,graham,,strong_move,"Well found. I’ll minute it.",neutral,,,,,,,1,
r-graham-cap-01,graham,,capture_minor,"Your {piece}, I believe. Duly taken.",smug,,,,,,,1,
r-graham-cap-02,graham,,capture_minor,"The {piece} is forfeit. Those are the rules.",smug,,,,,,,1,
r-graham-q-01,graham,,capture_queen,"Your queen. I trust you’ll want a moment.",smug,,,,,,,1,
r-graham-win-01,graham,,clearly_winning,"The position is, by any reasonable standard, won.",smug,,,,,,,1,
r-graham-win-02,graham,,clearly_winning,"Formally, I can’t advise resignation. Informally, I would.",smug,,,,,,,1,
r-graham-lose-01,graham,,clearly_losing,"The position is under review.",annoyed,,,,,,,1,
r-graham-lose-02,graham,,clearly_losing,"I’m considering my options. All three of them.",annoyed,,,,,,,1,
r-graham-chk-01,graham,,check_given,"Check. Stated clearly, as the rules require.",smug,,,,,,,1,
r-toby-pb-01,toby,,player_blunder,"Ah, unlucky. Honestly, happens to everyone.",smug,,,,,,,1,
r-toby-pb-02,toby,,player_blunder,"Ooh. Want to take that back? Joking. Can’t, sorry.",smug,,,,,,,1,
r-toby-pb-03,toby,,player_blunder,"That’s a shame. You were playing really well.",smug,,,,,,,1,
r-toby-sm-01,toby,,strong_move,"Oh, nice. Genuinely.",annoyed,,,,,,,1,
r-toby-sm-02,toby,,strong_move,"Oh, that’s good. Who showed you that?",annoyed,,,,,,,1,
r-toby-sm-03,toby,,strong_move,"Hm. OK. Nice find.",annoyed,,,,,,,1,
r-toby-cap-01,toby,,capture_minor,"I’ll just take the {piece}, if that’s all right.",smug,,,,,,,1,
r-toby-cap-02,toby,,capture_minor,"Sorry about the {piece}. Had to, really.",smug,,,,,,,1,
r-toby-q-01,toby,,capture_queen,"Oh, your queen. Sorry, mate. Genuinely.",smug,,,,,,,1,
r-toby-win-01,toby,,clearly_winning,"Honestly, it could go either way. It can’t, but it could.",smug,,,,,,,1,
r-toby-win-02,toby,,clearly_winning,"Close game. Closer than it looks.",smug,,,,,,,1,
r-toby-lose-01,toby,,clearly_losing,You’re playing really well. Really well.,annoyed,,,,,,,1,
r-toby-lose-02,toby,,clearly_losing,"Wow. OK. Coach would be proud of you.",annoyed,,,,,,,1,
r-terry-pb-02,terry,,player_blunder,"I’d have done that too. I have done that, actually.",pleased,,,,,,,1,
r-terry-pb-03,terry,,player_blunder,"Ah. You’ve gone for it. I respect that.",pleased,,,,,,,1,
r-terry-sm-01,terry,,strong_move,"That’s a very sensible move. I don’t hold with sensible moves.",neutral,,,,,,,1,
r-terry-sm-02,terry,,strong_move,"Hm. Proper chess. I was worried about that.",surprised,,,,,,,1,
r-terry-sm-03,terry,,strong_move,"Good move. I’ll pretend I expected it.",neutral,,,,,,,1,
r-terry-cap-01,terry,,capture_minor,"Your {piece}. I’ve been after that since move one.",pleased,,,,,,,1,
r-terry-cap-02,terry,,capture_minor,"I’ll have the {piece}. It’s the principle of the thing.",pleased,,,,,,,1,
r-terry-q-01,terry,,capture_queen,"Your queen. I’ve never got this far before.",surprised,,,,,,,1,
r-terry-win-01,terry,,clearly_winning,"I appear to be winning. Nobody’s more surprised than me.",pleased,,,,,,,1,
r-terry-win-02,terry,,clearly_winning,"It’s working. I’d like it noted that it’s working.",pleased,,,,,,,1,
r-terry-lose-01,terry,,clearly_losing,"This is the part I’m less keen on.",neutral,,,,,,,1,
r-terry-lose-02,terry,,clearly_losing,"My king’s out for a walk. It may not be back.",pleased,,,,,,,1,
r-sheila-pb-01,sheila,,player_blunder,"Ooh, was that a mistake? I only know because you’ve gone pale.",pleased,,,,,,,1,
r-sheila-pb-02,sheila,,player_blunder,"Oh, I can take that. Is that allowed? Lovely.",pleased,,,,,,,1,
r-sheila-sm-01,sheila,,strong_move,"Ooh, that looks clever.",surprised,,,,,,,1,
r-sheila-cap-01,sheila,,capture_minor,"I’ve got your {piece}! Look at that.",pleased,,,,,,,1,
r-sheila-lose-01,sheila,,clearly_losing,"I think you’re winning. I usually can tell by now.",neutral,,,,,,,1,
r-bill-pb-01,bill,,player_blunder,"Steady on. Look again. Too late, mind.",neutral,,,,,,,1,
r-bill-sm-01,bill,,strong_move,"That’s a good move. We had a board one who played like that.",surprised,,,,,,,1,
r-bill-cap-01,bill,,capture_minor,"Your {piece}. Slowly does it.",pleased,,,,,,,1,
r-bill-lose-01,bill,,clearly_losing,"I’ll play on. Always have.",neutral,,,,,,,1,
r-ray-pb-01,ray,,player_blunder,"I’d normally explain that one. I’ll leave it for the review.",neutral,,,,,,,1,
r-ray-sm-01,ray,,strong_move,"Good. That’s what I tell the juniors.",surprised,,,,,,,1,
r-ray-cap-01,ray,,capture_minor,"That {piece} was loose. First thing I tell the juniors.",pleased,,,,,,,1,
r-ray-win-01,ray,,clearly_winning,"Don’t worry. The juniors do this to me all the time.",pleased,,,,,,,1,
cm-marjorie-qo-01,marjorie,,queens_off,"Queens off. Now we can have a proper game.",pleased,,friendly,,,,,1,
cm-marjorie-qo-02,marjorie,,queens_off,"That’s better. I never trusted queens.",pleased,,friendly,,,,,1,
cm-marjorie-qo-03,marjorie,,queens_off,"Queens gone. This is where I like it, love.",pleased,,friendly,,,,,1,
cm-marjorie-eg-01,marjorie,,endgame_reached,An endgame. Lovely. I've been waiting all game.,pleased,,friendly,,,,,1,
cm-marjorie-eg-02,marjorie,,endgame_reached,"Now then. Kings out.",pleased,,friendly,,,,,1,
cm-marjorie-eg-03,marjorie,,endgame_reached,"This is my bit, dear.",pleased,,friendly,,,,,1,
cm-marjorie-ob-01,marjorie,,out_of_book,"Oh, we've come off my opening. Never mind, I'll manage.",neutral,,friendly,,,,,1,
cm-marjorie-qo-m1,marjorie,,queens_off,(Marjorie allows herself a small smile as the queens come off.),pleased,,match,,,,,1,
cm-marjorie-eg-m1,marjorie,,endgame_reached,(Marjorie moves her tea to one side.),neutral,,match,,,,,1,
cm-clive-qo-01,clive,,queens_off,"Queens off. Much more civilised.",pleased,,friendly,,,,,1,
cm-clive-qo-02,clive,,queens_off,"Good. Fewer things to go wrong.",pleased,,friendly,,,,,1,
cm-clive-qo-03,clive,,queens_off,"Swap them off, I always say. Well. I always do.",neutral,,friendly,,,,,1,
cm-clive-eg-01,clive,,endgame_reached,"Now it’s my sort of game.",pleased,,friendly,,,,,1,
cm-clive-eg-02,clive,,endgame_reached,"Rooks and pawns. Nice and quiet.",neutral,,friendly,,,,,1,
cm-clive-qo-m1,clive,,queens_off,"(Clive nods, as if something has been agreed.)",neutral,,match,,,,,1,
cm-clive-eg-m1,clive,,endgame_reached,(Clive settles back. He’s been waiting for this.),pleased,,match,,,,,1,
cm-priya-ob-01,priya,,out_of_book,"That’s not in the book. Why isn’t that in the book?",surprised,,friendly,,,,,1,
cm-priya-ob-02,priya,,out_of_book,"We’ve left theory. I’m going to need a minute.",surprised,,friendly,,,,,1,
cm-priya-ob-03,priya,,out_of_book,"Oh. You’ve gone off chapter four.",surprised,,friendly,,,,,1,
cm-priya-ob-04,priya,,out_of_book,"Right. Thinking for myself, then.",neutral,,friendly,,,,,1,
cm-priya-eg-01,priya,,endgame_reached,"Endgames. I haven’t done the endgame book yet.",surprised,,friendly,,,,,1,
cm-priya-eg-02,priya,,endgame_reached,"I’ve only read the first half of this bit.",neutral,,friendly,,,,,1,
cm-priya-ob-m1,priya,,out_of_book,(Priya closes her notebook. She’s on her own now.),surprised,,match,,,,,1,
cm-graham-ob-01,graham,,out_of_book,"We are now outside established theory. I’ll make a note.",neutral,,friendly,,,,,1,
cm-graham-ob-02,graham,,out_of_book,"Deviation noted. On the scoresheet.",neutral,,friendly,,,,,1,
cm-graham-qo-01,graham,,queens_off,"Queens exchanged. For the record.",neutral,,friendly,,,,,1,
cm-graham-ob-m1,graham,,out_of_book,(Graham writes something in the margin.),neutral,,match,,,,,1,
cm-dex-sac-01,dex,,sacrifice,"It’s a sacrifice. Probably.",smug,,friendly,,,,,1,
cm-dex-sac-02,dex,,sacrifice,"Take it. I dare you.",smug,,friendly,,,,,1,
cm-dex-sac-03,dex,,sacrifice,"That’s a gift. Or a trap. I’ll tell you later.",smug,,friendly,,,,,1,
cm-dex-sac-04,dex,,sacrifice,"Chat would love this.",smug,,friendly,,,,,1,
cm-dex-qo-01,dex,,queens_off,"Queens off? Boring. Fine.",annoyed,,friendly,,,,,1,
cm-dex-qo-02,dex,,queens_off,"No queens. This is basically a different game now.",annoyed,,friendly,,,,,1,
cm-dex-ob-01,dex,,out_of_book,"Book? Never read it.",smug,,friendly,,,,,1,
cm-dex-sac-m1,dex,,sacrifice,(Dex leaves the piece where it is and looks at the ceiling.),smug,,match,,,,,1,
cm-oscar-sac-01,oscar,neil,sacrifice,"He does that. He’ll have seen something.",neutral,,friendly,,,,,1,
cm-oscar-sac-02,oscar,,sacrifice,(Oscar leaves the piece where it is and sits on his hands.),neutral,,friendly,,,,,1,
cm-oscar-eg-01,oscar,neil,endgame_reached,"He’s good at endings. Better than me.",neutral,,friendly,,,,,1,
cm-oscar-sac-m1,oscar,,sacrifice,(Oscar doesn’t look up.),neutral,,match,,,,,1,
cm-toby-ob-01,toby,,out_of_book,"Ooh, off my prep. Fun.",smug,,friendly,,,,,1,
cm-toby-ob-02,toby,,out_of_book,"Interesting. Not what the database says, but interesting.",smug,,friendly,,,,,1,
cm-toby-qo-01,toby,,queens_off,"Queens off. Suits me, honestly.",smug,,friendly,,,,,1,
cm-toby-eg-01,toby,,endgame_reached,"Endgame. I’ve been doing a course, actually.",smug,,friendly,,,,,1,
cm-toby-eg-m1,toby,,endgame_reached,(Toby rolls up his sleeves.),neutral,,match,,,,,1,
cm-terry-kw-01,terry,,king_walk,"He’s going for a walk.",pleased,,friendly,,,,,1,
cm-terry-kw-02,terry,,king_walk,"The king likes a bit of air.",pleased,,friendly,,,,,1,
cm-terry-kw-03,terry,,king_walk,"Don’t mind him. He’s exploring.",pleased,,friendly,,,,,1,
cm-terry-kw-04,terry,,king_walk,"Kings are strong pieces. I read that somewhere.",pleased,,friendly,,,,,1,
cm-terry-ob-01,terry,,out_of_book,"And now we’re both on our own.",neutral,,friendly,,,,,1,
cm-terry-ob-02,terry,,out_of_book,"That’s the end of what I prepared. Which was mostly move one.",neutral,,friendly,,,,,1,
cm-terry-sac-01,terry,,sacrifice,"That’s not a blunder. That’s a statement.",pleased,,friendly,,,,,1,
cm-terry-sac-02,terry,,sacrifice,"I’ve given you that. Think about why. I’m still thinking about why.",neutral,,friendly,,,,,1,
cm-terry-qo-01,terry,,queens_off,"Queens off. Now my king can really get going.",pleased,,friendly,,,,,1,
cm-terry-kw-m1,terry,,king_walk,(Terry’s king sets off up the board. Terry looks pleased.),pleased,,match,,,,,1,
cm-sheila-eg-01,sheila,,endgame_reached,"Oh, is this the endgame? I’m usually gone by now.",surprised,,friendly,,,,,1,
cm-bill-eg-01,bill,,endgame_reached,"Endgames. We used to play these out for hours.",neutral,,friendly,,,,,1,
cm-ray-ob-01,ray,,out_of_book,"Off the book. This is where I tell the juniors to start thinking.",neutral,,friendly,,,,,1,
cm-malcolm-eg-m1,malcolm,,endgame_reached,(Malcolm straightens in his chair.),neutral,,match,,,,,1,
marjorie-key-01,marjorie,,key_moment,"I'd have a good long look at this one, dear. I would.",neutral,,,,,,,1,
marjorie-key-02,marjorie,,key_moment,"This is where I'd put my tea down.",neutral,,,,,,,1,
dex-key-01,dex,,key_moment,"Chat, this is the move. Everything hangs on this one.",smug,,,,,,,1,
dex-key-02,dex,,key_moment,"Big moment. Even in bullet I'd think here.",neutral,,,,,,,1,
oscar-key-01,oscar,,key_moment,(Oscar stops swinging his legs and watches the board.),neutral,,,,,,,1,
oscar-key-02,oscar,,key_moment,"(Oscar sits up. He's seen something. He isn't saying what.)",neutral,,,,,,,1,
clive-key-01,clive,,key_moment,"This one's not as quiet as it looks.",neutral,,,,,,,1,
clive-key-02,clive,,key_moment,"I'd take my time here, if I were you. I usually don't. That's why I'd know.",neutral,,,,,,,1,
priya-key-01,priya,,key_moment,"This is a critical position. The book would say so, anyway.",neutral,,,,,,,1,
priya-key-02,priya,,key_moment,"There's a note about positions like this in chapter nine. Most people get it wrong.",neutral,,,,,,,1,
graham-key-01,graham,,key_moment,"For the record, I'd consider this move carefully.",neutral,,,,,,,1,
graham-key-02,graham,,key_moment,"Touch-move applies. I only mention it because of this position.",neutral,,,,,,,1,
toby-key-01,toby,,key_moment,"Ooh. Interesting one, this. Take your time, mate.",smug,,,,,,,1,
toby-key-02,toby,,key_moment,"No rush. Honestly. It's a big one, though.",smug,,,,,,,1,
terry-key-01,terry,,key_moment,"This is what I call a moment. Capital M.",neutral,,,,,,,1,
terry-key-02,terry,,key_moment,"I'd think about this one. I wouldn't, but I'd advise it.",pleased,,,,,,,1,
ray-key-01,ray,,key_moment,"This is the one I'd stop the juniors on. Have a proper look.",neutral,,,,,,,1,
ray-key-02,ray,,key_moment,"Sit on your hands for a minute. That's what I tell them.",neutral,,,,,,,1,
sheila-key-01,sheila,,key_moment,"Even I can tell this one matters. Go on, have a think.",neutral,,,,,,,1,
sheila-key-02,sheila,,key_moment,I'll wait. I'm in no hurry. I've got my crossword.,pleased,,,,,,,1,
bill-key-01,bill,,key_moment,Positions like this decided my 1983 club final. Have a look.,neutral,,,,,,,1,
bill-key-02,bill,,key_moment,"Don't rush this one. Nobody ever regretted thinking.",neutral,,,,,,,1,
malcolm-key-01,malcolm,,key_moment,(Malcolm stops writing and looks at the board.),neutral,,,,,,,1,
malcolm-key-02,malcolm,,key_moment,(Malcolm puts his pen down.),neutral,,,,,,,1,
pemberton-key-01,pemberton,,key_moment,"This one matters. Have a proper look before you touch anything.",neutral,,,,,,,1,
pemberton-key-02,pemberton,,key_moment,"Slow down here. Checks, captures, threats. Both sides.",neutral,,,,,,,1,
ada-start-01,ada,,game_start,"Hi! I've got a queen and I'm not afraid to use her.",pleased,,,,,,,1,
ada-start-02,ada,,game_start,"My mum says I have to let you go first sometimes.",pleased,,,,,,,1,
ada-win-01,ada,,game_win,"I won! I'm telling everyone.",pleased,,,,,,,1,
ada-loss-01,ada,,game_loss,"Again. Please. One more.",annoyed,,,,,,,1,
ada-key-01,ada,,key_moment,"Wait. Something's happening. I can feel it.",surprised,,,,,,,1,
kofi-start-01,kofi,,game_start,"Grandad says always take the free pieces. Let's see if you give me any.",pleased,,,,,,,1,
kofi-start-02,kofi,,game_start,"I play fast. The market closes at six.",pleased,,,,,,,1,
kofi-win-01,kofi,,game_win,"Good game. Come back Saturday, I'll be here.",pleased,,,,,,,1,
kofi-loss-01,kofi,,game_loss,"Grandad is going to hear about this. From me. Eventually.",annoyed,,,,,,,1,
kofi-key-01,kofi,,key_moment,"Grandad always goes quiet here. So I'll go quiet.",neutral,,,,,,,1,
mei-start-01,mei,,game_start,"I'll try not to lose any pieces. You try too.",neutral,,,,,,,1,
mei-start-02,mei,,game_start,"I've tidied my side of the board. Ready.",neutral,,,,,,,1,
mei-win-01,mei,,game_win,"I won by being careful. You can do that too.",pleased,,,,,,,1,
mei-loss-01,mei,,game_loss,"I was too careful again, wasn't I.",annoyed,,,,,,,1,
mei-key-01,mei,,key_moment,"I'd check everything twice here. I always do.",neutral,,,,,,,1,
mateo-start-01,mateo,,game_start,"Kick-off! I'm coming down the wing.",smug,,,,,,,1,
mateo-start-02,mateo,,game_start,"Chess is just football with fewer people running.",pleased,,,,,,,1,
mateo-win-01,mateo,,game_win,"Full time! Good match, though.",pleased,,,,,,,1,
mateo-loss-01,mateo,,game_loss,"I want a rematch. Home and away.",annoyed,,,,,,,1,
mateo-key-01,mateo,,key_moment,"This is the penalty. Take your time.",neutral,,,,,,,1,
hanna-start-01,hanna,,game_start,"Let's keep it nice and calm, shall we?",neutral,,,,,,,1,
hanna-start-02,hanna,,game_start,"If you want to swap queens, I'm always happy to.",pleased,,,,,,,1,
hanna-win-01,hanna,,game_win,"Slow and steady. Thank you for the game.",pleased,,,,,,,1,
hanna-loss-01,hanna,,game_loss,"Well played. Very well played. Coffee?",neutral,,,,,,,1,
hanna-key-01,hanna,,key_moment,"This one isn't calm at all. Look carefully.",neutral,,,,,,,1,
ravi-start-01,ravi,,game_start,"I've studied this opening. Most of it. The start, anyway.",pleased,,,,,,,1,
ravi-start-02,ravi,,game_start,"Did you know there are more possible games than atoms? Let's play one.",pleased,,,,,,,1,
ravi-win-01,ravi,,game_win,"Theory wins again. Mostly.",smug,,,,,,,1,
ravi-loss-01,ravi,,game_loss,"I need a longer book.",annoyed,,,,,,,1,
ravi-key-01,ravi,,key_moment,"The book goes blank about here. Good luck.",neutral,,,,,,,1,
yuki-start-01,yuki,,game_start,"Take your time. I have plenty.",neutral,,,,,,,1,
yuki-start-02,yuki,,game_start,"I'll wait for your mistake. Politely.",neutral,,,,,,,1,
yuki-win-01,yuki,,game_win,"Patience. It usually works.",neutral,,,,,,,1,
yuki-loss-01,yuki,,game_loss,"You were more patient than me today.",neutral,,,,,,,1,
yuki-key-01,yuki,,key_moment,"Slowly. This is the move that matters.",neutral,,,,,,,1,
lena-start-01,lena,,game_start,"Quick game? My stop's in ten minutes.",pleased,,,,,,,1,
lena-start-02,lena,,game_start,"I play faster than the train. Keep up.",smug,,,,,,,1,
lena-win-01,lena,,game_win,"Made it before my stop. Good game!",pleased,,,,,,,1,
lena-loss-01,lena,,game_loss,"I missed my stop and the game. Great.",annoyed,,,,,,,1,
lena-key-01,lena,,key_moment,"Even I'd slow down for this one.",neutral,,,,,,,1,
amara-start-01,amara,,game_start,"Let's go. No draws, no fear.",smug,,,,,,,1,
amara-start-02,amara,,game_start,"I don't do quiet positions. Fair warning.",pleased,,,,,,,1,
amara-win-01,amara,,game_win,"Fearless wins. Again?",smug,,,,,,,1,
amara-loss-01,amara,,game_loss,"Fine. You were braver. Rematch.",annoyed,,,,,,,1,
amara-key-01,amara,,key_moment,"This is the moment. Don't blink.",neutral,,,,,,,1,
lukas-start-01,lukas,,game_start,"I like endgames. We'll get there sooner or later.",neutral,,,,,,,1,
lukas-start-02,lukas,,game_start,"Everything you swap, I'm happy to swap.",pleased,,,,,,,1,
lukas-win-01,lukas,,game_win,"And that is why you learn your endgames.",smug,,,,,,,1,
lukas-loss-01,lukas,,game_loss,"You didn't let me reach my endgame. Clever.",annoyed,,,,,,,1,
lukas-key-01,lukas,,key_moment,"A lot depends on this one. Count everything.",neutral,,,,,,,1,
sofia-start-01,sofia,,game_start,"First I castle. Then I have fun.",pleased,,,,,,,1,
sofia-start-02,sofia,,game_start,"Safe king, happy game. Let's play.",pleased,,,,,,,1,
sofia-win-01,sofia,,game_win,"Castle early. You'll thank me later.",pleased,,,,,,,1,
sofia-loss-01,sofia,,game_loss,"You broke through my castle. Well done.",annoyed,,,,,,,1,
sofia-key-01,sofia,,key_moment,"Look at the kings before you move.",neutral,,,,,,,1,
omar-start-01,omar,,game_start,"Sit down, sit down. Tea? We play, we talk, it's all good.",pleased,,,,,,,1,
omar-start-02,omar,,game_start,"Forty years in the café. Let's see what you've got.",pleased,,,,,,,1,
omar-win-01,omar,,game_win,"Good game, good game. Next time you'll get me.",pleased,,,,,,,1,
omar-loss-01,omar,,game_loss,"You beat the café champion. Tell no one.",surprised,,,,,,,1,
omar-key-01,omar,,key_moment,"Now I stop talking. This one is important.",neutral,,,,,,,1,
jonas-start-01,jonas,,game_start,"I've read about this position. Let's see if the book was right.",neutral,,,,,,,1,
jonas-start-02,jonas,,game_start,"Long winters. Lots of chess books. Let's play.",neutral,,,,,,,1,
jonas-win-01,jonas,,game_win,"Good game. The books helped.",pleased,,,,,,,1,
jonas-loss-01,jonas,,game_loss,"Nothing in the books about that. Well played.",annoyed,,,,,,,1,
jonas-key-01,jonas,,key_moment,"This is a critical position. I'd think hard.",neutral,,,,,,,1,
fatima-start-01,fatima,,game_start,"I hope you like tactics. I love them.",smug,,,,,,,1,
fatima-start-02,fatima,,game_start,"Quiet positions bore me. Let's make some noise.",smug,,,,,,,1,
fatima-win-01,fatima,,game_win,"Tactics decide games. Remember that one.",smug,,,,,,,1,
fatima-loss-01,fatima,,game_loss,"You out-tricked me. That's rare.",annoyed,,,,,,,1,
fatima-key-01,fatima,,key_moment,"There's a tactic here. For someone.",neutral,,,,,,,1,
tomas-start-01,tomas,,game_start,"The centre is mine. Let's see if you disagree.",pleased,,,,,,,1,
tomas-start-02,tomas,,game_start,"Pawns first, questions later. Vamos.",pleased,,,,,,,1,
tomas-win-01,tomas,,game_win,"Control the centre, control the game.",smug,,,,,,,1,
tomas-loss-01,tomas,,game_loss,"You took my centre. Well done.",annoyed,,,,,,,1,
tomas-key-01,tomas,,key_moment,"Big moment. Everything in the centre is loose.",neutral,,,,,,,1,
olga-start-01,olga,,game_start,"We'll play until there's nothing left. I don't do draws.",neutral,,,,,,,1,
olga-start-02,olga,,game_start,"I hope you like long games.",neutral,,,,,,,1,
olga-win-01,olga,,game_win,"Endgames are won by patience. Good game.",neutral,,,,,,,1,
olga-loss-01,olga,,game_loss,"Hm. You outlasted me. That doesn't happen often.",annoyed,,,,,,,1,
olga-key-01,olga,,key_moment,"Careful here. Mistakes now are forever.",neutral,,,,,,,1,
kenji-start-01,kenji,,game_start,"Same opening as always. You know what's coming.",neutral,,,,,,,1,
kenji-start-02,kenji,,game_start,"I've played this line a thousand times. Let's make it a thousand and one.",neutral,,,,,,,1,
kenji-win-01,kenji,,game_win,"Preparation. Thank you for the game.",neutral,,,,,,,1,
kenji-loss-01,kenji,,game_loss,"You found the hole in my line. I'll fix it.",annoyed,,,,,,,1,
kenji-key-01,kenji,,key_moment,"This is where my preparation ends. And yours?",neutral,,,,,,,1,
diego-start-01,diego,,game_start,"I sacrifice first and do the maths later. You've been warned.",smug,,,,,,,1,
diego-start-02,diego,,game_start,"Let's make this game beautiful.",pleased,,,,,,,1,
diego-win-01,diego,,game_win,"Sometimes the maths works out.",smug,,,,,,,1,
diego-loss-01,diego,,game_loss,"The maths did not work out. Beautiful game though.",annoyed,,,,,,,1,
diego-key-01,diego,,key_moment,"Something beautiful is possible here. Or something terrible.",neutral,,,,,,,1,
chloe-start-01,chloe,,game_start,"Bonjour. Let's play something elegant.",neutral,,,,,,,1,
chloe-start-02,chloe,,game_start,"No hurry. Good positions take time.",neutral,,,,,,,1,
chloe-win-01,chloe,,game_win,"Merci. A pleasant game.",pleased,,,,,,,1,
chloe-loss-01,chloe,,game_loss,"Bravo. You played beautifully.",neutral,,,,,,,1,
chloe-key-01,chloe,,key_moment,"This position needs thought. Take a moment.",neutral,,,,,,,1,
aarav-start-01,aarav,,game_start,"I've been studying tactics all week. Let's test them.",pleased,,,,,,,1,
aarav-start-02,aarav,,game_start,"Ready when you are. I've calculated my first three moves.",pleased,,,,,,,1,
aarav-win-01,aarav,,game_win,"The studying paid off. Good game.",pleased,,,,,,,1,
aarav-loss-01,aarav,,game_loss,"Back to studying. Well played.",annoyed,,,,,,,1,
aarav-key-01,aarav,,key_moment,"Calculate this one. All of it.",neutral,,,,,,,1,
ingrid-start-01,ingrid,,game_start,"A small advantage is all I need. Shall we?",neutral,,,,,,,1,
ingrid-start-02,ingrid,,game_start,"I'm in no hurry. I hope you aren't.",neutral,,,,,,,1,
ingrid-win-01,ingrid,,game_win,"Squeezed. Good game.",neutral,,,,,,,1,
ingrid-loss-01,ingrid,,game_loss,"You didn't give me anything to squeeze. Well played.",annoyed,,,,,,,1,
ingrid-key-01,ingrid,,key_moment,"One slip here and I won't let go.",neutral,,,,,,,1,
nino-start-01,nino,,game_start,"Two bishops, one plan. Let's play.",smug,,,,,,,1,
nino-start-02,nino,,game_start,"Show me your best. I've seen a lot.",neutral,,,,,,,1,
nino-win-01,nino,,game_win,"Good fight. Study your bishops.",neutral,,,,,,,1,
nino-loss-01,nino,,game_loss,"Impressive. You earned that.",surprised,,,,,,,1,
nino-key-01,nino,,key_moment,"Critical moment. Masters stop here and think.",neutral,,,,,,,1,
samuel-start-01,samuel,,game_start,"Let's see what kind of game you want. I'll play that.",neutral,,,,,,,1,
samuel-start-02,samuel,,game_start,"Calm mind, clear moves. Good luck.",neutral,,,,,,,1,
samuel-win-01,samuel,,game_win,"Thank you for the game. You're improving.",pleased,,,,,,,1,
samuel-loss-01,samuel,,game_loss,"Excellent. You read me well today.",neutral,,,,,,,1,
samuel-key-01,samuel,,key_moment,"Breathe. Then find the right move.",neutral,,,,,,,1,
elena-start-01,elena,,game_start,"I'll outlast you. Most people find that tiring.",neutral,,,,,,,1,
elena-start-02,elena,,game_start,"Take your time. I will.",neutral,,,,,,,1,
elena-win-01,elena,,game_win,"Good game. You lasted longer than most.",neutral,,,,,,,1,
elena-loss-01,elena,,game_loss,"Remarkable. I'll remember this game.",surprised,,,,,,,1,
elena-key-01,elena,,key_moment,"This is where games are won or lost.",neutral,,,,,,,1,
coach-start-01,coach,,game_start,"Hi! I'll play at your level and give you tips as we go. Ask for a hint whenever you like.",pleased,,,,,,,1,
coach-start-02,coach,,game_start,"Let's have a good game. Take your time, and don't worry about mistakes: that's what I'm here for.",pleased,,,,,,,1,
coach-start-03,coach,,game_start,"Ready when you are. Before each move, a quick look at what I'm threatening goes a long way.",pleased,,,,,,,1,
coach-start-04,coach,,game_start,"Today, try to get all your pieces out before you attack. I'll help you along.",pleased,,,,,,,1,
coach-win-01,coach,,game_win,"Good game! You're getting better every time. Have a look at the review, there's a lot to learn from this one.",pleased,,,,,,,1,
coach-win-02,coach,,game_win,"That was a proper fight. The review will show you where it turned.",pleased,,,,,,,1,
coach-loss-01,coach,,game_loss,"Brilliant, you beat me! Let's see in the review what you did well, so you can do it again.",surprised,,,,,,,1,
coach-loss-02,coach,,game_loss,"Well played! That's a real sign of progress.",pleased,,,,,,,1,
coach-key-01,coach,,key_moment,"This is an important moment. Most moves here go wrong, so take your time.",neutral,,,,,,,1,
coach-key-02,coach,,key_moment,"Slow down here. Look at every check and capture, for both of us.",neutral,,,,,,,1,
coach-key-03,coach,,key_moment,"Big moment. There's one good idea here. Can you find it?",neutral,,,,,,,1,
fc2-ada-game_start-01,ada,,game_start,I practised moving the horse. The knight. The horsey one.,pleased,,,,,,,1,
fc2-ada-game_start-02,ada,,game_start,Can pawns go backwards yet? No? Okay. Let's play.,neutral,,,,,,,1,
fc2-ada-game_start-03,ada,,game_start,My queen is ready. She's always ready.,smug,,,,,,,1,
fc2-ada-game_win-01,ada,,game_win,Did you see my queen? She did everything!,pleased,,,,,,,1,
fc2-ada-game_win-02,ada,,game_win,I'm going to put this game on the fridge.,pleased,,,,,,,1,
fc2-ada-game_loss-01,ada,,game_loss,Oh no. My queen needed more help.,surprised,,,,,,,1,
fc2-ada-game_loss-02,ada,,game_loss,That's okay. I'm only little at chess.,pleased,,,,,,,1,
fc2-ada-capture_queen-01,ada,,capture_queen,I got your queen! Now mine is the only queen!,pleased,,,,,,,1,
fc2-ada-capture_minor-01,ada,,capture_minor,Got your {piece}! Can I keep it?,pleased,,,,,,,1,
fc2-ada-capture_rook-01,ada,,capture_rook,I took the castle! The rook. The castle one.,pleased,,,,,,,1,
fc2-ada-check_given-01,ada,,check_given,Check! I remembered to say it!,smug,,,,,,,1,
fc2-ada-castling-01,ada,,castling,I did the king-and-castle swap! Castling!,pleased,,,,,,,1,
fc2-ada-clearly_winning-01,ada,,clearly_winning,Am I winning? I think I'm winning!,pleased,,,,,,,1,
fc2-ada-clearly_losing-01,ada,,clearly_losing,Hmm. My pieces keep disappearing.,annoyed,,,,,,,1,
fc2-ada-queens_off-01,ada,,queens_off,Where did the queens go? I miss her already.,surprised,,,,,,,1,
fc2-ada-endgame_reached-01,ada,,endgame_reached,Not many pieces left. It's like tidying up.,neutral,,,,,,,1,
fc2-ada-sacrifice-01,ada,,sacrifice,I gave you that one because I'm nice. Also by accident.,pleased,,,,,,,1,
fc2-ada-promotion-01,ada,,promotion,A new queen! Now I've got TWO!,pleased,,,,,,,1,
fc2-ada-opportunity-01,ada,,opportunity,Wait. Did I just leave something? Don't look.,surprised,,,,,,,1,
fc2-kofi-game_start-01,kofi,,game_start,Grandad taught me with bottle tops. You get real pieces. Lucky.,pleased,,,,,,,1,
fc2-kofi-game_start-02,kofi,,game_start,"One game, then I help Grandad pack up the stall.",neutral,,,,,,,1,
fc2-kofi-game_start-03,kofi,,game_start,Grandad says the first capture is the sweetest.,neutral,,,,,,,1,
fc2-kofi-game_win-01,kofi,,game_win,Grandad will be proud. He'll pretend not to be.,pleased,,,,,,,1,
fc2-kofi-game_win-02,kofi,,game_win,"Free pieces, like Grandad says. Thank you.",pleased,,,,,,,1,
fc2-kofi-game_loss-01,kofi,,game_loss,Grandad says losing is just paying for lessons.,pleased,,,,,,,1,
fc2-kofi-game_loss-02,kofi,,game_loss,You didn't give me any free pieces. Clever.,annoyed,,,,,,,1,
fc2-kofi-capture_queen-01,kofi,,capture_queen,Your queen! Grandad would clap for that.,pleased,,,,,,,1,
fc2-kofi-capture_minor-01,kofi,,capture_minor,Thank you for the {piece}. Grandad says always say thank you.,pleased,,,,,,,1,
fc2-kofi-capture_rook-01,kofi,,capture_rook,A whole rook! That's a good market day.,pleased,,,,,,,1,
fc2-kofi-check_given-01,kofi,,check_given,Check. Grandad shouts it. I say it nicely.,smug,,,,,,,1,
fc2-kofi-castling-01,kofi,,castling,King safe. Now I can go shopping for pieces.,neutral,,,,,,,1,
fc2-kofi-clearly_winning-01,kofi,,clearly_winning,This is like the end of market day. Everything's sold.,pleased,,,,,,,1,
fc2-kofi-clearly_losing-01,kofi,,clearly_losing,I think I gave away too many bottle tops.,annoyed,,,,,,,1,
fc2-kofi-queens_off-01,kofi,,queens_off,No queens. Grandad calls this the quiet part.,neutral,,,,,,,1,
fc2-kofi-endgame_reached-01,kofi,,endgame_reached,Grandad always wins from here. Let's see if I do.,neutral,,,,,,,1,
fc2-kofi-sacrifice-01,kofi,,sacrifice,That was a gift. Grandad says gifts come back.,smug,,,,,,,1,
fc2-kofi-promotion-01,kofi,,promotion,My pawn made it! Grandad says pawns are the heroes.,pleased,,,,,,,1,
fc2-kofi-opportunity-01,kofi,,opportunity,Oh. I think I just left something out on the stall.,surprised,,,,,,,1,
fc2-mei-game_start-01,mei,,game_start,I've counted all my pieces. Sixteen. Good.,neutral,,,,,,,1,
fc2-mei-game_start-02,mei,,game_start,Please move slowly. I like to check everything.,neutral,,,,,,,1,
fc2-mei-game_start-03,mei,,game_start,My pieces are in neat rows. Let's try to keep it that way.,pleased,,,,,,,1,
fc2-mei-game_win-01,mei,,game_win,Nothing left hanging. That's the whole trick.,pleased,,,,,,,1,
fc2-mei-game_win-02,mei,,game_win,I checked every move twice. It worked.,pleased,,,,,,,1,
fc2-mei-game_loss-01,mei,,game_loss,I checked everything except that.,surprised,,,,,,,1,
fc2-mei-game_loss-02,mei,,game_loss,Well played. I'll be even more careful next time. Somehow.,neutral,,,,,,,1,
fc2-mei-capture_queen-01,mei,,capture_queen,Your queen was undefended. I checked.,smug,,,,,,,1,
fc2-mei-capture_minor-01,mei,,capture_minor,Your {piece} had nobody looking after it.,neutral,,,,,,,1,
fc2-mei-capture_rook-01,mei,,capture_rook,I'll put your rook somewhere safe. Off the board.,pleased,,,,,,,1,
fc2-mei-check_given-01,mei,,check_given,Check. Please make sure your king is safe.,neutral,,,,,,,1,
fc2-mei-castling-01,mei,,castling,Castled. Much tidier.,pleased,,,,,,,1,
fc2-mei-clearly_winning-01,mei,,clearly_winning,Everything is safe on my side. Good.,pleased,,,,,,,1,
fc2-mei-clearly_losing-01,mei,,clearly_losing,Oh no. Something wasn't safe after all.,annoyed,,,,,,,1,
fc2-mei-queens_off-01,mei,,queens_off,No queens. That's easier to keep track of.,pleased,,,,,,,1,
fc2-mei-endgame_reached-01,mei,,endgame_reached,Fewer pieces to count. I like this part.,neutral,,,,,,,1,
fc2-mei-sacrifice-01,mei,,sacrifice,I meant to do that. I think. Let me check.,surprised,,,,,,,1,
fc2-mei-promotion-01,mei,,promotion,A new queen. I'll look after her properly.,pleased,,,,,,,1,
fc2-mei-opportunity-01,mei,,opportunity,Hmm. Did I leave something? Let me count again.,surprised,,,,,,,1,
fc2-mateo-game_start-01,mateo,,game_start,"The crowd is ready. Well, the crowd is my dog.",pleased,,,,,,,1,
fc2-mateo-game_start-02,mateo,,game_start,I play every piece like it's my number ten.,neutral,,,,,,,1,
fc2-mateo-game_start-03,mateo,,game_start,"Attack, attack, attack. Defending is for the second half.",smug,,,,,,,1,
fc2-mateo-game_win-01,mateo,,game_win,Goooool! Sorry. Checkmate.,pleased,,,,,,,1,
fc2-mateo-game_win-02,mateo,,game_win,Man of the match. Me. Obviously.,smug,,,,,,,1,
fc2-mateo-game_loss-01,mateo,,game_loss,Red card for my defence. Well played.,annoyed,,,,,,,1,
fc2-mateo-game_loss-02,mateo,,game_loss,The ref was against me. There is no ref. Still.,annoyed,,,,,,,1,
fc2-mateo-capture_queen-01,mateo,,capture_queen,Your queen! That's like scoring from the halfway line!,pleased,,,,,,,1,
fc2-mateo-capture_minor-01,mateo,,capture_minor,Tackle won. Your {piece} is off the pitch.,smug,,,,,,,1,
fc2-mateo-capture_rook-01,mateo,,capture_rook,Your rook is sent off!,pleased,,,,,,,1,
fc2-mateo-check_given-01,mateo,,check_given,Check! Shot on target.,smug,,,,,,,1,
fc2-mateo-castling-01,mateo,,castling,Goalkeeper in position. Now we attack.,neutral,,,,,,,1,
fc2-mateo-clearly_winning-01,mateo,,clearly_winning,Three nil up. Time to play for the fans.,smug,,,,,,,1,
fc2-mateo-clearly_losing-01,mateo,,clearly_losing,We're behind but there's always extra time.,annoyed,,,,,,,1,
fc2-mateo-queens_off-01,mateo,,queens_off,Both captains off the pitch. Now it's a real game.,neutral,,,,,,,1,
fc2-mateo-endgame_reached-01,mateo,,endgame_reached,Last ten minutes. Legs are tired. Let's go.,neutral,,,,,,,1,
fc2-mateo-sacrifice-01,mateo,,sacrifice,That's a dive. I mean a sacrifice. Totally legal.,smug,,,,,,,1,
fc2-mateo-promotion-01,mateo,,promotion,From the youth team to the first team! A new queen!,pleased,,,,,,,1,
fc2-mateo-opportunity-01,mateo,,opportunity,Oh no. I left the goal wide open.,surprised,,,,,,,1,
fc2-hanna-game_start-01,hanna,,game_start,I've lit a candle. Chess is better when it's cosy.,pleased,,,,,,,1,
fc2-hanna-game_start-02,hanna,,game_start,Let's not rush. There's no prize for finishing first.,neutral,,,,,,,1,
fc2-hanna-game_start-03,hanna,,game_start,I like both sides of the board to match. Mostly.,neutral,,,,,,,1,
fc2-hanna-game_win-01,hanna,,game_win,Calm and tidy. That's how I like my games.,pleased,,,,,,,1,
fc2-hanna-game_win-02,hanna,,game_win,Thank you. That was very pleasant.,pleased,,,,,,,1,
fc2-hanna-game_loss-01,hanna,,game_loss,"Oh, that was lively. Too lively for me. Well played.",surprised,,,,,,,1,
fc2-hanna-game_loss-02,hanna,,game_loss,Lovely game. I'll make more coffee and think about it.,pleased,,,,,,,1,
fc2-hanna-capture_queen-01,hanna,,capture_queen,"Oh, your queen. I'm sorry. Would you like a biscuit?",surprised,,,,,,,1,
fc2-hanna-capture_minor-01,hanna,,capture_minor,"I'll take the {piece}, and we can calm down again.",neutral,,,,,,,1,
fc2-hanna-capture_rook-01,hanna,,capture_rook,A rook. That's quite a lot. Sorry.,neutral,,,,,,,1,
fc2-hanna-check_given-01,hanna,,check_given,"Check. Nothing dramatic, I hope.",neutral,,,,,,,1,
fc2-hanna-castling-01,hanna,,castling,Castled. Nice and snug.,pleased,,,,,,,1,
fc2-hanna-clearly_winning-01,hanna,,clearly_winning,"Things are going smoothly. For me, anyway.",pleased,,,,,,,1,
fc2-hanna-clearly_losing-01,hanna,,clearly_losing,This is getting a little too exciting.,annoyed,,,,,,,1,
fc2-hanna-queens_off-01,hanna,,queens_off,Queens off. Now it's peaceful.,pleased,,,,,,,1,
fc2-hanna-endgame_reached-01,hanna,,endgame_reached,An ending. My favourite part. So quiet.,neutral,,,,,,,1,
fc2-hanna-sacrifice-01,hanna,,sacrifice,That's a gift. I don't usually do this.,surprised,,,,,,,1,
fc2-hanna-promotion-01,hanna,,promotion,A new queen. How lovely.,pleased,,,,,,,1,
fc2-hanna-opportunity-01,hanna,,opportunity,Hm. That wasn't very tidy of me.,surprised,,,,,,,1,
fc2-ravi-game_start-01,ravi,,game_start,"This opening has a name. I've forgotten it, but it has one.",pleased,,,,,,,1,
fc2-ravi-game_start-02,ravi,,game_start,I read that grandmasters look at the centre. So I'll look at the centre.,neutral,,,,,,,1,
fc2-ravi-game_start-03,ravi,,game_start,Fun fact: the longest chess game lasted 269 moves. Let's not do that.,pleased,,,,,,,1,
fc2-ravi-game_win-01,ravi,,game_win,Just like the book. The first half of the book.,pleased,,,,,,,1,
fc2-ravi-game_win-02,ravi,,game_win,I'm going to write this one down. For my collection.,smug,,,,,,,1,
fc2-ravi-game_loss-01,ravi,,game_loss,That wasn't in any of my books. I'll buy another.,surprised,,,,,,,1,
fc2-ravi-game_loss-02,ravi,,game_loss,Well played. Can you tell me what that opening was called?,pleased,,,,,,,1,
fc2-ravi-capture_queen-01,ravi,,capture_queen,Your queen! There's a name for this. I think.,pleased,,,,,,,1,
fc2-ravi-capture_minor-01,ravi,,capture_minor,The {piece} for free. That's in chapter one.,smug,,,,,,,1,
fc2-ravi-capture_rook-01,ravi,,capture_rook,A rook is worth five points. I've just got five points.,pleased,,,,,,,1,
fc2-ravi-check_given-01,ravi,,check_given,Check. Chapter three: checks.,smug,,,,,,,1,
fc2-ravi-castling-01,ravi,,castling,Castled. Every book says so.,neutral,,,,,,,1,
fc2-ravi-clearly_winning-01,ravi,,clearly_winning,"According to my calculations, I'm winning. My calculations are sometimes wrong.",smug,,,,,,,1,
fc2-ravi-clearly_losing-01,ravi,,clearly_losing,I think I've gone off the page.,annoyed,,,,,,,1,
fc2-ravi-queens_off-01,ravi,,queens_off,Queens off. Now we're in a different book.,neutral,,,,,,,1,
fc2-ravi-endgame_reached-01,ravi,,endgame_reached,Endgames. I skipped that chapter. It was long.,neutral,,,,,,,1,
fc2-ravi-sacrifice-01,ravi,,sacrifice,It's a gambit. They have fancy names. This one doesn't yet.,smug,,,,,,,1,
fc2-ravi-promotion-01,ravi,,promotion,Promotion! That's my favourite rule.,pleased,,,,,,,1,
fc2-ravi-opportunity-01,ravi,,opportunity,Hmm. The book didn't warn me about that.,surprised,,,,,,,1,
fc2-yuki-game_start-01,yuki,,game_start,Breathe in. Now we begin.,neutral,,,,,,,1,
fc2-yuki-game_start-02,yuki,,game_start,A quiet mind sees more.,neutral,,,,,,,1,
fc2-yuki-game_start-03,yuki,,game_start,No hurry. The pieces aren't going anywhere.,neutral,,,,,,,1,
fc2-yuki-game_win-01,yuki,,game_win,You waited too little. I waited just enough.,neutral,,,,,,,1,
fc2-yuki-game_win-02,yuki,,game_win,Thank you. A calm game.,pleased,,,,,,,1,
fc2-yuki-game_loss-01,yuki,,game_loss,Well played. You were calmer than me.,neutral,,,,,,,1,
fc2-yuki-game_loss-02,yuki,,game_loss,I lost patience first. Next time.,neutral,,,,,,,1,
fc2-yuki-capture_queen-01,yuki,,capture_queen,The queen. You moved too quickly.,neutral,,,,,,,1,
fc2-yuki-capture_minor-01,yuki,,capture_minor,Your {piece}. I've been waiting for that.,smug,,,,,,,1,
fc2-yuki-capture_rook-01,yuki,,capture_rook,A rook. Patience pays.,neutral,,,,,,,1,
fc2-yuki-check_given-01,yuki,,check_given,Check.,neutral,,,,,,,1,
fc2-yuki-castling-01,yuki,,castling,The king rests.,neutral,,,,,,,1,
fc2-yuki-clearly_winning-01,yuki,,clearly_winning,Now I only need to stay calm.,neutral,,,,,,,1,
fc2-yuki-clearly_losing-01,yuki,,clearly_losing,"Hm. Still, one mistake can change everything.",neutral,,,,,,,1,
fc2-yuki-queens_off-01,yuki,,queens_off,Quieter now.,neutral,,,,,,,1,
fc2-yuki-endgame_reached-01,yuki,,endgame_reached,The ending. Where patience matters most.,neutral,,,,,,,1,
fc2-yuki-sacrifice-01,yuki,,sacrifice,"Sometimes you give, to receive.",neutral,,,,,,,1,
fc2-yuki-promotion-01,yuki,,promotion,"A small pawn, grown up.",pleased,,,,,,,1,
fc2-yuki-opportunity-01,yuki,,opportunity,Ah. That was not patient of me.,surprised,,,,,,,1,
fc2-lena-game_start-01,lena,,game_start,Two stops. That's all I need.,smug,,,,,,,1,
fc2-lena-game_start-02,lena,,game_start,"I've got my bag on, my ticket out, let's go.",neutral,,,,,,,1,
fc2-lena-game_start-03,lena,,game_start,"If the train stops suddenly, I'm not resigning. I'm getting off.",pleased,,,,,,,1,
fc2-lena-game_win-01,lena,,game_win,Done before the doors opened. Bye!,pleased,,,,,,,1,
fc2-lena-game_win-02,lena,,game_win,Fastest game on the line. Good one.,smug,,,,,,,1,
fc2-lena-game_loss-01,lena,,game_loss,I rushed it. Obviously. I always rush it.,annoyed,,,,,,,1,
fc2-lena-game_loss-02,lena,,game_loss,Tomorrow on the 8:15. Rematch.,annoyed,,,,,,,1,
fc2-lena-capture_queen-01,lena,,capture_queen,"Queen! No time for sorry, next move.",pleased,,,,,,,1,
fc2-lena-capture_minor-01,lena,,capture_minor,"Took your {piece}, keep up.",smug,,,,,,,1,
fc2-lena-capture_rook-01,lena,,capture_rook,Rook gone. Mind the gap.,smug,,,,,,,1,
fc2-lena-check_given-01,lena,,check_given,"Check! Quick, quick.",smug,,,,,,,1,
fc2-lena-castling-01,lena,,castling,"Castled. That's a move, right? Next.",neutral,,,,,,,1,
fc2-lena-clearly_winning-01,lena,,clearly_winning,This is going faster than the train.,smug,,,,,,,1,
fc2-lena-clearly_losing-01,lena,,clearly_losing,Signal failure. On my side of the board.,annoyed,,,,,,,1,
fc2-lena-queens_off-01,lena,,queens_off,No queens. Fine. Faster.,neutral,,,,,,,1,
fc2-lena-endgame_reached-01,lena,,endgame_reached,Endgame already? I've still got a stop to go.,neutral,,,,,,,1,
fc2-lena-sacrifice-01,lena,,sacrifice,Didn't have time to protect it. Call it a sacrifice.,smug,,,,,,,1,
fc2-lena-promotion-01,lena,,promotion,New queen! Express service.,pleased,,,,,,,1,
fc2-lena-opportunity-01,lena,,opportunity,Wait. I think I missed my stop. And that move.,surprised,,,,,,,1,
fc2-amara-game_start-01,amara,,game_start,I don't defend. I attack until you give up.,smug,,,,,,,1,
fc2-amara-game_start-02,amara,,game_start,Scared? You shouldn't be. Well. Maybe a bit.,neutral,,,,,,,1,
fc2-amara-game_start-03,amara,,game_start,Let's make it exciting from move one.,pleased,,,,,,,1,
fc2-amara-game_win-01,amara,,game_win,Fortune favours the bold. That's me.,smug,,,,,,,1,
fc2-amara-game_win-02,amara,,game_win,Too fast for you. Next!,pleased,,,,,,,1,
fc2-amara-game_loss-01,amara,,game_loss,You stood your ground. I respect that.,annoyed,,,,,,,1,
fc2-amara-game_loss-02,amara,,game_loss,I'll be braver next time. Somehow.,annoyed,,,,,,,1,
fc2-amara-capture_queen-01,amara,,capture_queen,"Queen down. Your move, if you're brave enough.",smug,,,,,,,1,
fc2-amara-capture_minor-01,amara,,capture_minor,Your {piece} got in my way.,smug,,,,,,,1,
fc2-amara-capture_rook-01,amara,,capture_rook,Rook taken. I'm just warming up.,smug,,,,,,,1,
fc2-amara-check_given-01,amara,,check_given,Check. There's more where that came from.,smug,,,,,,,1,
fc2-amara-castling-01,amara,,castling,Castled. Now there's nothing to stop me.,neutral,,,,,,,1,
fc2-amara-clearly_winning-01,amara,,clearly_winning,Feel that? That's the pressure.,smug,,,,,,,1,
fc2-amara-clearly_losing-01,amara,,clearly_losing,I'm not scared. I'm just thinking.,annoyed,,,,,,,1,
fc2-amara-queens_off-01,amara,,queens_off,No queens? Fine. I'll attack with the rest.,annoyed,,,,,,,1,
fc2-amara-endgame_reached-01,amara,,endgame_reached,An ending. My king is coming for you too.,neutral,,,,,,,1,
fc2-amara-sacrifice-01,amara,,sacrifice,Take it. I dare you.,smug,,,,,,,1,
fc2-amara-promotion-01,amara,,promotion,Another queen. Now I'm unstoppable.,pleased,,,,,,,1,
fc2-amara-opportunity-01,amara,,opportunity,Okay. That was a bit too bold.,surprised,,,,,,,1,
fc2-lukas-game_start-01,lukas,,game_start,My plan is simple. Trade everything. Win the ending.,neutral,,,,,,,1,
fc2-lukas-game_start-02,lukas,,game_start,I have calculated that fewer pieces means fewer mistakes.,neutral,,,,,,,1,
fc2-lukas-game_start-03,lukas,,game_start,Please offer trades. I will accept them all.,pleased,,,,,,,1,
fc2-lukas-game_win-01,lukas,,game_win,Exactly as planned. Efficient.,smug,,,,,,,1,
fc2-lukas-game_win-02,lukas,,game_win,The endgame is where games are decided. Today too.,pleased,,,,,,,1,
fc2-lukas-game_loss-01,lukas,,game_loss,"You kept the pieces on. Very clever. Irritating, but clever.",annoyed,,,,,,,1,
fc2-lukas-game_loss-02,lukas,,game_loss,Well played. My plan needs revision.,neutral,,,,,,,1,
fc2-lukas-capture_queen-01,lukas,,capture_queen,Your queen. That simplifies things considerably.,smug,,,,,,,1,
fc2-lukas-capture_minor-01,lukas,,capture_minor,Your {piece}. One less thing to think about.,neutral,,,,,,,1,
fc2-lukas-capture_rook-01,lukas,,capture_rook,A rook. The ending just got easier.,pleased,,,,,,,1,
fc2-lukas-check_given-01,lukas,,check_given,Check. Logically.,neutral,,,,,,,1,
fc2-lukas-castling-01,lukas,,castling,Castled. Correct.,neutral,,,,,,,1,
fc2-lukas-clearly_winning-01,lukas,,clearly_winning,The position is technically winning. Now I need only technique.,smug,,,,,,,1,
fc2-lukas-clearly_losing-01,lukas,,clearly_losing,This is not efficient.,annoyed,,,,,,,1,
fc2-lukas-queens_off-01,lukas,,queens_off,Queens off. Now we are getting somewhere.,pleased,,,,,,,1,
fc2-lukas-endgame_reached-01,lukas,,endgame_reached,At last. The endgame. My office.,pleased,,,,,,,1,
fc2-lukas-sacrifice-01,lukas,,sacrifice,A calculated investment.,smug,,,,,,,1,
fc2-lukas-promotion-01,lukas,,promotion,Promotion. Precisely as calculated.,pleased,,,,,,,1,
fc2-lukas-opportunity-01,lukas,,opportunity,An inaccuracy. Mine. Unusual.,surprised,,,,,,,1,
fc2-omar-game_start-01,omar,,game_start,"My friend, you play like my cousin. That's a compliment. Mostly.",pleased,,,,,,,1,
fc2-omar-game_start-02,omar,,game_start,Have you tried mint tea? You must. After the game. Or during!,neutral,,,,,,,1,
fc2-omar-game_start-03,omar,,game_start,"In my café, the loser pays for tea. No pressure.",smug,,,,,,,1,
fc2-omar-game_win-01,omar,,game_win,Tea's on you! I'm joking. Mostly.,pleased,,,,,,,1,
fc2-omar-game_win-02,omar,,game_win,"Forty years at the café, habibi. Forty years.",smug,,,,,,,1,
fc2-omar-game_loss-01,omar,,game_loss,"Ah, you got me! Wonderful. Tea's on me.",pleased,,,,,,,1,
fc2-omar-game_loss-02,omar,,game_loss,I was talking too much. As usual. Well played.,pleased,,,,,,,1,
fc2-omar-capture_queen-01,omar,,capture_queen,"Your queen! Oh, my friends at the café would love this.",pleased,,,,,,,1,
fc2-omar-capture_minor-01,omar,,capture_minor,"Your {piece}, thank you. Very generous.",pleased,,,,,,,1,
fc2-omar-capture_rook-01,omar,,capture_rook,A rook! Now I'll talk even more.,smug,,,,,,,1,
fc2-omar-check_given-01,omar,,check_given,"Check, my friend. Check.",smug,,,,,,,1,
fc2-omar-castling-01,omar,,castling,The king goes home for a nap.,neutral,,,,,,,1,
fc2-omar-clearly_winning-01,omar,,clearly_winning,I think I'll order another tea to celebrate.,smug,,,,,,,1,
fc2-omar-clearly_losing-01,omar,,clearly_losing,Ah. Now I stop talking and start thinking.,annoyed,,,,,,,1,
fc2-omar-queens_off-01,omar,,queens_off,No queens. Like the café after closing. Quiet.,neutral,,,,,,,1,
fc2-omar-endgame_reached-01,omar,,endgame_reached,The endgame. Where old men like me shine.,neutral,,,,,,,1,
fc2-omar-sacrifice-01,omar,,sacrifice,"A gift! You know, in Cairo we always bring gifts.",smug,,,,,,,1,
fc2-omar-promotion-01,omar,,promotion,A new queen. Bring more tea!,pleased,,,,,,,1,
fc2-omar-opportunity-01,omar,,opportunity,Oh ho. I think I talked through that move.,surprised,,,,,,,1,
fc2-sofia-game_start-01,sofia,,game_start,"Castle first, party later.",pleased,,,,,,,1,
fc2-sofia-game_start-02,sofia,,game_start,My king will be safe. Can you say the same?,neutral,,,,,,,1,
fc2-sofia-game_start-03,sofia,,game_start,I'm very friendly until move ten.,smug,,,,,,,1,
fc2-sofia-game_win-01,sofia,,game_win,"Safe king, happy ending. Obrigada!",pleased,,,,,,,1,
fc2-sofia-game_win-02,sofia,,game_win,"You see? Castle early, attack late.",smug,,,,,,,1,
fc2-sofia-game_loss-01,sofia,,game_loss,You got to my king. Very rude. Very good.,annoyed,,,,,,,1,
fc2-sofia-game_loss-02,sofia,,game_loss,Next time my castle has thicker walls.,annoyed,,,,,,,1,
fc2-sofia-capture_queen-01,sofia,,capture_queen,Your queen. Now the party really starts.,pleased,,,,,,,1,
fc2-sofia-capture_minor-01,sofia,,capture_minor,"I'll take the {piece}, obrigada.",pleased,,,,,,,1,
fc2-sofia-capture_rook-01,sofia,,capture_rook,Your rook! Now your king is a bit lonely.,smug,,,,,,,1,
fc2-sofia-check_given-01,sofia,,check_given,Check. Is your king comfortable?,smug,,,,,,,1,
fc2-sofia-castling-01,sofia,,castling,Castled. Now I can have fun.,pleased,,,,,,,1,
fc2-sofia-clearly_winning-01,sofia,,clearly_winning,My king is safe and yours isn't. Perfect.,smug,,,,,,,1,
fc2-sofia-clearly_losing-01,sofia,,clearly_losing,Hm. My castle has a crack in it.,annoyed,,,,,,,1,
fc2-sofia-queens_off-01,sofia,,queens_off,Queens gone. Kings can come out now.,neutral,,,,,,,1,
fc2-sofia-endgame_reached-01,sofia,,endgame_reached,An ending. My king's coming out to play.,neutral,,,,,,,1,
fc2-sofia-sacrifice-01,sofia,,sacrifice,A little gift to open your king. You're welcome.,smug,,,,,,,1,
fc2-sofia-promotion-01,sofia,,promotion,New queen! Let's dance.,pleased,,,,,,,1,
fc2-sofia-opportunity-01,sofia,,opportunity,Ai. I forgot to look behind me.,surprised,,,,,,,1,
fc2-jonas-game_start-01,jonas,,game_start,It's snowing again. Perfect chess weather.,neutral,,,,,,,1,
fc2-jonas-game_start-02,jonas,,game_start,I read that this opening is very sound. We'll find out.,neutral,,,,,,,1,
fc2-jonas-game_start-03,jonas,,game_start,My grandfather played this way. He was very slow. So am I.,pleased,,,,,,,1,
fc2-jonas-game_win-01,jonas,,game_win,Just like chapter twelve. Thank you.,pleased,,,,,,,1,
fc2-jonas-game_win-02,jonas,,game_win,A long winter's game. I enjoyed it.,pleased,,,,,,,1,
fc2-jonas-game_loss-01,jonas,,game_loss,I'll read about that tonight. By the fire.,neutral,,,,,,,1,
fc2-jonas-game_loss-02,jonas,,game_loss,"Very instructive. For me, unfortunately.",annoyed,,,,,,,1,
fc2-jonas-capture_queen-01,jonas,,capture_queen,Your queen. The book said this might happen.,smug,,,,,,,1,
fc2-jonas-capture_minor-01,jonas,,capture_minor,"Your {piece}, as the book suggests.",neutral,,,,,,,1,
fc2-jonas-capture_rook-01,jonas,,capture_rook,A rook. That's a big chapter.,pleased,,,,,,,1,
fc2-jonas-check_given-01,jonas,,check_given,Check. As recommended.,neutral,,,,,,,1,
fc2-jonas-castling-01,jonas,,castling,Castled. The book approves.,neutral,,,,,,,1,
fc2-jonas-clearly_winning-01,jonas,,clearly_winning,The position is good. I have read about positions like this.,smug,,,,,,,1,
fc2-jonas-clearly_losing-01,jonas,,clearly_losing,Hm. This is not in the book I brought.,annoyed,,,,,,,1,
fc2-jonas-queens_off-01,jonas,,queens_off,Queens off. A quieter chapter.,neutral,,,,,,,1,
fc2-jonas-endgame_reached-01,jonas,,endgame_reached,The ending. The best part of any book.,neutral,,,,,,,1,
fc2-jonas-sacrifice-01,jonas,,sacrifice,A sacrifice. There's a whole book about these.,smug,,,,,,,1,
fc2-jonas-promotion-01,jonas,,promotion,Promotion. A satisfying ending to the chapter.,pleased,,,,,,,1,
fc2-jonas-opportunity-01,jonas,,opportunity,Hm. I think I skipped a page.,surprised,,,,,,,1,
fc2-fatima-game_start-01,fatima,,game_start,Every position has a tactic. I'm going to find it.,smug,,,,,,,1,
fc2-fatima-game_start-02,fatima,,game_start,Don't blink. Things happen fast with me.,neutral,,,,,,,1,
fc2-fatima-game_start-03,fatima,,game_start,I only play sharp lines. Hope you're ready.,pleased,,,,,,,1,
fc2-fatima-game_win-01,fatima,,game_win,Combinations win games. That one was fun.,pleased,,,,,,,1,
fc2-fatima-game_win-02,fatima,,game_win,I saw it three moves ago. Good game.,smug,,,,,,,1,
fc2-fatima-game_loss-01,fatima,,game_loss,You saw further than me. That's rare. Respect.,annoyed,,,,,,,1,
fc2-fatima-game_loss-02,fatima,,game_loss,"Too quiet for me. You kept it quiet on purpose, didn't you?",annoyed,,,,,,,1,
fc2-fatima-capture_queen-01,fatima,,capture_queen,Your queen. I told you there was a tactic.,smug,,,,,,,1,
fc2-fatima-capture_minor-01,fatima,,capture_minor,Your {piece}. That was the first step.,smug,,,,,,,1,
fc2-fatima-capture_rook-01,fatima,,capture_rook,The rook falls. As calculated.,smug,,,,,,,1,
fc2-fatima-check_given-01,fatima,,check_given,Check. Watch the next one.,smug,,,,,,,1,
fc2-fatima-castling-01,fatima,,castling,Castled. Now the fireworks.,neutral,,,,,,,1,
fc2-fatima-clearly_winning-01,fatima,,clearly_winning,The tactics are all mine now.,smug,,,,,,,1,
fc2-fatima-clearly_losing-01,fatima,,clearly_losing,I need a tactic. There's always a tactic.,annoyed,,,,,,,1,
fc2-fatima-queens_off-01,fatima,,queens_off,No queens? That's so boring.,annoyed,,,,,,,1,
fc2-fatima-endgame_reached-01,fatima,,endgame_reached,"An ending. Even here, there are tricks.",neutral,,,,,,,1,
fc2-fatima-sacrifice-01,fatima,,sacrifice,Take it. Then look again.,smug,,,,,,,1,
fc2-fatima-promotion-01,fatima,,promotion,A queen. The final trick.,pleased,,,,,,,1,
fc2-fatima-opportunity-01,fatima,,opportunity,Ah. I missed my own tactic.,surprised,,,,,,,1,
fc2-tomas-game_start-01,tomas,,game_start,Pawns to the middle. Always to the middle.,pleased,,,,,,,1,
fc2-tomas-game_start-02,tomas,,game_start,The centre is like the plaza. Everyone meets there.,neutral,,,,,,,1,
fc2-tomas-game_start-03,tomas,,game_start,Vamos. Let's see who owns the middle.,smug,,,,,,,1,
fc2-tomas-game_win-01,tomas,,game_win,"The centre never lies. Good game, amigo.",pleased,,,,,,,1,
fc2-tomas-game_win-02,tomas,,game_win,My pawns marched and your pieces ran. Olé.,smug,,,,,,,1,
fc2-tomas-game_loss-01,tomas,,game_loss,You took my plaza. Well played.,annoyed,,,,,,,1,
fc2-tomas-game_loss-02,tomas,,game_loss,My centre cracked. I'll rebuild it.,annoyed,,,,,,,1,
fc2-tomas-capture_queen-01,tomas,,capture_queen,Your queen! Right in the middle of the board.,pleased,,,,,,,1,
fc2-tomas-capture_minor-01,tomas,,capture_minor,Your {piece} wandered into my centre.,smug,,,,,,,1,
fc2-tomas-capture_rook-01,tomas,,capture_rook,A rook. Olé!,pleased,,,,,,,1,
fc2-tomas-check_given-01,tomas,,check_given,"Check! From the centre, of course.",smug,,,,,,,1,
fc2-tomas-castling-01,tomas,,castling,King safe. Now my pawns can go.,neutral,,,,,,,1,
fc2-tomas-clearly_winning-01,tomas,,clearly_winning,Look at my pawns. Like a wall.,smug,,,,,,,1,
fc2-tomas-clearly_losing-01,tomas,,clearly_losing,My centre is under siege.,annoyed,,,,,,,1,
fc2-tomas-queens_off-01,tomas,,queens_off,Queens gone. Pawns matter even more now.,neutral,,,,,,,1,
fc2-tomas-endgame_reached-01,tomas,,endgame_reached,An ending. Every pawn is gold now.,neutral,,,,,,,1,
fc2-tomas-sacrifice-01,tomas,,sacrifice,A pawn sacrifice for the centre. Worth it.,smug,,,,,,,1,
fc2-tomas-promotion-01,tomas,,promotion,My pawn made it! Fiesta!,pleased,,,,,,,1,
fc2-tomas-opportunity-01,tomas,,opportunity,Ay. I left the plaza empty.,surprised,,,,,,,1,
fc2-olga-game_start-01,olga,,game_start,Get comfortable. This will take a while.,neutral,,,,,,,1,
fc2-olga-game_start-02,olga,,game_start,I've never offered a draw in my life. I won't start today.,neutral,,,,,,,1,
fc2-olga-game_start-03,olga,,game_start,Many people are strong early. I am strong late.,smug,,,,,,,1,
fc2-olga-game_win-01,olga,,game_win,Eighty moves is not too many. Good game.,pleased,,,,,,,1,
fc2-olga-game_win-02,olga,,game_win,You tired first. They always do.,smug,,,,,,,1,
fc2-olga-game_loss-01,olga,,game_loss,You held on to the end. I respect that.,annoyed,,,,,,,1,
fc2-olga-game_loss-02,olga,,game_loss,Well played. Next time I'll grind harder.,annoyed,,,,,,,1,
fc2-olga-capture_queen-01,olga,,capture_queen,Your queen. The long part of the game starts now.,smug,,,,,,,1,
fc2-olga-capture_minor-01,olga,,capture_minor,Your {piece}. Every little bit helps.,neutral,,,,,,,1,
fc2-olga-capture_rook-01,olga,,capture_rook,A rook. That will do nicely.,pleased,,,,,,,1,
fc2-olga-check_given-01,olga,,check_given,Check.,neutral,,,,,,,1,
fc2-olga-castling-01,olga,,castling,Castled. Settling in.,neutral,,,,,,,1,
fc2-olga-clearly_winning-01,olga,,clearly_winning,Now I squeeze.,smug,,,,,,,1,
fc2-olga-clearly_losing-01,olga,,clearly_losing,It's not over. I don't let things be over.,annoyed,,,,,,,1,
fc2-olga-queens_off-01,olga,,queens_off,Queens off. Good. My kind of game now.,pleased,,,,,,,1,
fc2-olga-endgame_reached-01,olga,,endgame_reached,The ending. This is where I live.,neutral,,,,,,,1,
fc2-olga-sacrifice-01,olga,,sacrifice,A small investment for a long game.,smug,,,,,,,1,
fc2-olga-promotion-01,olga,,promotion,A new queen. Worth the wait.,pleased,,,,,,,1,
fc2-olga-opportunity-01,olga,,opportunity,Hm. A small slip. I'll grind it back.,surprised,,,,,,,1,
fc2-kenji-game_start-01,kenji,,game_start,"My opening, as always. I trust it.",neutral,,,,,,,1,
fc2-kenji-game_start-02,kenji,,game_start,I don't change what works.,neutral,,,,,,,1,
fc2-kenji-game_start-03,kenji,,game_start,Every game is the same opening. Every game is different.,pleased,,,,,,,1,
fc2-kenji-game_win-01,kenji,,game_win,The opening did its job. Arigatou.,pleased,,,,,,,1,
fc2-kenji-game_win-02,kenji,,game_win,Preparation is respect for the game.,neutral,,,,,,,1,
fc2-kenji-game_loss-01,kenji,,game_loss,You left my preparation early. Well played.,annoyed,,,,,,,1,
fc2-kenji-game_loss-02,kenji,,game_loss,I'll study this game tonight. Thank you.,neutral,,,,,,,1,
fc2-kenji-capture_queen-01,kenji,,capture_queen,Your queen. Just as I prepared.,smug,,,,,,,1,
fc2-kenji-capture_minor-01,kenji,,capture_minor,Your {piece}. I've seen this position before.,neutral,,,,,,,1,
fc2-kenji-capture_rook-01,kenji,,capture_rook,A rook. Thank you.,neutral,,,,,,,1,
fc2-kenji-check_given-01,kenji,,check_given,Check.,neutral,,,,,,,1,
fc2-kenji-castling-01,kenji,,castling,Castled. On schedule.,neutral,,,,,,,1,
fc2-kenji-clearly_winning-01,kenji,,clearly_winning,Everything is going to plan.,smug,,,,,,,1,
fc2-kenji-clearly_losing-01,kenji,,clearly_losing,This is not in my notes.,annoyed,,,,,,,1,
fc2-kenji-queens_off-01,kenji,,queens_off,Queens traded. Also in my notes.,neutral,,,,,,,1,
fc2-kenji-endgame_reached-01,kenji,,endgame_reached,An ending. I prepared these too.,neutral,,,,,,,1,
fc2-kenji-sacrifice-01,kenji,,sacrifice,Prepared at home. Probably.,smug,,,,,,,1,
fc2-kenji-promotion-01,kenji,,promotion,A new queen. Satisfying.,pleased,,,,,,,1,
fc2-kenji-opportunity-01,kenji,,opportunity,Hm. That wasn't in my preparation.,surprised,,,,,,,1,
fc2-diego-game_start-01,diego,,game_start,Chess should be art. Let's paint something.,pleased,,,,,,,1,
fc2-diego-game_start-02,diego,,game_start,I've never met a sacrifice I didn't like.,neutral,,,,,,,1,
fc2-diego-game_start-03,diego,,game_start,Safe moves are for safe people. ¡Vámonos!,smug,,,,,,,1,
fc2-diego-game_win-01,diego,,game_win,¡Qué bonito! Did you see that finish?,pleased,,,,,,,1,
fc2-diego-game_win-02,diego,,game_win,The maths worked out. This time.,smug,,,,,,,1,
fc2-diego-game_loss-01,diego,,game_loss,I gave you everything and you took it. Fair.,annoyed,,,,,,,1,
fc2-diego-game_loss-02,diego,,game_loss,"Beautiful attack, terrible result. The story of my life.",pleased,,,,,,,1,
fc2-diego-capture_queen-01,diego,,capture_queen,Your queen! Now THAT's art.,pleased,,,,,,,1,
fc2-diego-capture_minor-01,diego,,capture_minor,Your {piece}. I'll probably give it back later.,smug,,,,,,,1,
fc2-diego-capture_rook-01,diego,,capture_rook,A rook! Something to sacrifice.,pleased,,,,,,,1,
fc2-diego-check_given-01,diego,,check_given,Check! Here comes the fun part.,smug,,,,,,,1,
fc2-diego-castling-01,diego,,castling,"Castled. Boring, but necessary.",neutral,,,,,,,1,
fc2-diego-clearly_winning-01,diego,,clearly_winning,The masterpiece is nearly finished.,smug,,,,,,,1,
fc2-diego-clearly_losing-01,diego,,clearly_losing,Maybe I sacrificed one piece too many.,annoyed,,,,,,,1,
fc2-diego-queens_off-01,diego,,queens_off,No queens? Where's the romance?,annoyed,,,,,,,1,
fc2-diego-endgame_reached-01,diego,,endgame_reached,An ending. Fewer pieces to sacrifice. Sad.,neutral,,,,,,,1,
fc2-diego-sacrifice-01,diego,,sacrifice,"¡Ole! Take it, if you dare.",smug,,,,,,,1,
fc2-diego-promotion-01,diego,,promotion,A new queen. Another piece to sacrifice!,pleased,,,,,,,1,
fc2-diego-opportunity-01,diego,,opportunity,"Ay, ay. That was not art. That was a mistake.",surprised,,,,,,,1,
fc2-chloe-game_start-01,chloe,,game_start,Chess is like cooking. Good things take time.,neutral,,,,,,,1,
fc2-chloe-game_start-02,chloe,,game_start,I prefer positions to fireworks.,neutral,,,,,,,1,
fc2-chloe-game_start-03,chloe,,game_start,"Let's play slowly, and properly.",pleased,,,,,,,1,
fc2-chloe-game_win-01,chloe,,game_win,"Voilà. A small advantage, well kept.",pleased,,,,,,,1,
fc2-chloe-game_win-02,chloe,,game_win,"Élégant, non? Thank you for the game.",smug,,,,,,,1,
fc2-chloe-game_loss-01,chloe,,game_loss,Magnifique. You played the position better.,pleased,,,,,,,1,
fc2-chloe-game_loss-02,chloe,,game_loss,A little too much hurry from me. Well done.,annoyed,,,,,,,1,
fc2-chloe-capture_queen-01,chloe,,capture_queen,Your queen. Pardon.,smug,,,,,,,1,
fc2-chloe-capture_minor-01,chloe,,capture_minor,"Your {piece}. It was badly placed, I'm afraid.",neutral,,,,,,,1,
fc2-chloe-capture_rook-01,chloe,,capture_rook,A rook. That's quite decisive.,pleased,,,,,,,1,
fc2-chloe-check_given-01,chloe,,check_given,Check. Excusez-moi.,neutral,,,,,,,1,
fc2-chloe-castling-01,chloe,,castling,Castled. Everything in its place.,neutral,,,,,,,1,
fc2-chloe-clearly_winning-01,chloe,,clearly_winning,The position is harmonious. On my side.,smug,,,,,,,1,
fc2-chloe-clearly_losing-01,chloe,,clearly_losing,Hmm. My pieces are not happy.,annoyed,,,,,,,1,
fc2-chloe-queens_off-01,chloe,,queens_off,Queens off. Now the fine details matter.,neutral,,,,,,,1,
fc2-chloe-endgame_reached-01,chloe,,endgame_reached,"An endgame. Precise, like a good sauce.",neutral,,,,,,,1,
fc2-chloe-sacrifice-01,chloe,,sacrifice,A small sacrifice for a better position.,smug,,,,,,,1,
fc2-chloe-promotion-01,chloe,,promotion,A new queen. Très bien.,pleased,,,,,,,1,
fc2-chloe-opportunity-01,chloe,,opportunity,Oh là là. That was not elegant.,surprised,,,,,,,1,
fc2-aarav-game_start-01,aarav,,game_start,I've done two hundred puzzles today. I'm warmed up.,pleased,,,,,,,1,
fc2-aarav-game_start-02,aarav,,game_start,"Every move, I check three moves ahead. At least.",neutral,,,,,,,1,
fc2-aarav-game_start-03,aarav,,game_start,Let's see if my calculation holds up.,neutral,,,,,,,1,
fc2-aarav-game_win-01,aarav,,game_win,Calculated. Every move. Good game.,smug,,,,,,,1,
fc2-aarav-game_win-02,aarav,,game_win,The puzzles paid off. Thank you.,pleased,,,,,,,1,
fc2-aarav-game_loss-01,aarav,,game_loss,You saw something I didn't. I'll find out what.,annoyed,,,,,,,1,
fc2-aarav-game_loss-02,aarav,,game_loss,More puzzles tonight. Well played.,neutral,,,,,,,1,
fc2-aarav-capture_queen-01,aarav,,capture_queen,Your queen. I saw that coming three moves ago.,smug,,,,,,,1,
fc2-aarav-capture_minor-01,aarav,,capture_minor,The {piece}. That was the point of the last move.,smug,,,,,,,1,
fc2-aarav-capture_rook-01,aarav,,capture_rook,A rook. Calculated.,smug,,,,,,,1,
fc2-aarav-check_given-01,aarav,,check_given,Check. And then there's a follow-up.,smug,,,,,,,1,
fc2-aarav-castling-01,aarav,,castling,Castled. The king's out of the calculations.,neutral,,,,,,,1,
fc2-aarav-clearly_winning-01,aarav,,clearly_winning,I've checked it. It's winning.,smug,,,,,,,1,
fc2-aarav-clearly_losing-01,aarav,,clearly_losing,My calculation must have a hole somewhere.,annoyed,,,,,,,1,
fc2-aarav-queens_off-01,aarav,,queens_off,Queens off. Fewer lines to calculate.,neutral,,,,,,,1,
fc2-aarav-endgame_reached-01,aarav,,endgame_reached,An ending. Counting squares now.,neutral,,,,,,,1,
fc2-aarav-sacrifice-01,aarav,,sacrifice,It's a sacrifice. I've calculated it. Mostly.,smug,,,,,,,1,
fc2-aarav-promotion-01,aarav,,promotion,"Promotion. Exactly five moves, like I counted.",pleased,,,,,,,1,
fc2-aarav-opportunity-01,aarav,,opportunity,Wait. I miscalculated. That never happens.,surprised,,,,,,,1,
fc2-ingrid-game_start-01,ingrid,,game_start,I don't need much. Just a little something.,neutral,,,,,,,1,
fc2-ingrid-game_start-02,ingrid,,game_start,"Hygge first, chess second. Comfortable?",neutral,,,,,,,1,
fc2-ingrid-game_start-03,ingrid,,game_start,Small advantages add up. Let's see.,smug,,,,,,,1,
fc2-ingrid-game_win-01,ingrid,,game_win,One small edge at a time. Good game.,pleased,,,,,,,1,
fc2-ingrid-game_win-02,ingrid,,game_win,You gave me a little. That's all I needed.,smug,,,,,,,1,
fc2-ingrid-game_loss-01,ingrid,,game_loss,Nothing to squeeze. You played very cleanly.,annoyed,,,,,,,1,
fc2-ingrid-game_loss-02,ingrid,,game_loss,Well done. I couldn't find a single crack.,neutral,,,,,,,1,
fc2-ingrid-capture_queen-01,ingrid,,capture_queen,Your queen. That's more than a small advantage.,surprised,,,,,,,1,
fc2-ingrid-capture_minor-01,ingrid,,capture_minor,Your {piece}. Now I just need to hold on.,smug,,,,,,,1,
fc2-ingrid-capture_rook-01,ingrid,,capture_rook,A rook. I'll make it count.,smug,,,,,,,1,
fc2-ingrid-check_given-01,ingrid,,check_given,Check.,neutral,,,,,,,1,
fc2-ingrid-castling-01,ingrid,,castling,Castled. Comfortable.,neutral,,,,,,,1,
fc2-ingrid-clearly_winning-01,ingrid,,clearly_winning,"Now I tighten, slowly.",smug,,,,,,,1,
fc2-ingrid-clearly_losing-01,ingrid,,clearly_losing,Hm. You're squeezing me. I don't like it.,annoyed,,,,,,,1,
fc2-ingrid-queens_off-01,ingrid,,queens_off,Queens off. Now the small things are big.,pleased,,,,,,,1,
fc2-ingrid-endgame_reached-01,ingrid,,endgame_reached,An ending. Small advantages grow here.,neutral,,,,,,,1,
fc2-ingrid-sacrifice-01,ingrid,,sacrifice,"A pawn, for a better position. Long term.",smug,,,,,,,1,
fc2-ingrid-promotion-01,ingrid,,promotion,A new queen. The squeeze worked.,pleased,,,,,,,1,
fc2-ingrid-opportunity-01,ingrid,,opportunity,Ah. A small mistake. From me.,surprised,,,,,,,1,
fc2-nino-game_start-01,nino,,game_start,I became champion by never being scared. Let's play.,smug,,,,,,,1,
fc2-nino-game_start-02,nino,,game_start,My bishops are hungry. Don't open the diagonals.,neutral,,,,,,,1,
fc2-nino-game_start-03,nino,,game_start,I'll go easy. That's a lie.,smug,,,,,,,1,
fc2-nino-game_win-01,nino,,game_win,The bishops did the work. As always.,smug,,,,,,,1,
fc2-nino-game_win-02,nino,,game_win,Good fight. You'll be dangerous one day.,pleased,,,,,,,1,
fc2-nino-game_loss-01,nino,,game_loss,Impressive. Not many beat me. Remember it.,surprised,,,,,,,1,
fc2-nino-game_loss-02,nino,,game_loss,You neutralised my bishops. Clever.,annoyed,,,,,,,1,
fc2-nino-capture_queen-01,nino,,capture_queen,Your queen. The diagonals were open.,smug,,,,,,,1,
fc2-nino-capture_minor-01,nino,,capture_minor,Your {piece}. Now my bishops have more room.,smug,,,,,,,1,
fc2-nino-capture_rook-01,nino,,capture_rook,A rook. My bishops say thank you.,smug,,,,,,,1,
fc2-nino-check_given-01,nino,,check_given,"Check, along the diagonal.",smug,,,,,,,1,
fc2-nino-castling-01,nino,,castling,Castled. Now the bishops can hunt.,neutral,,,,,,,1,
fc2-nino-clearly_winning-01,nino,,clearly_winning,"Two bishops, open board. You know how this ends.",smug,,,,,,,1,
fc2-nino-clearly_losing-01,nino,,clearly_losing,Hm. This is unusual for me.,annoyed,,,,,,,1,
fc2-nino-queens_off-01,nino,,queens_off,Queens off. Bishops matter even more.,neutral,,,,,,,1,
fc2-nino-endgame_reached-01,nino,,endgame_reached,The ending. Bishops love open space.,neutral,,,,,,,1,
fc2-nino-sacrifice-01,nino,,sacrifice,The bishop goes in. The king comes out.,smug,,,,,,,1,
fc2-nino-promotion-01,nino,,promotion,Queen. And the bishops still aren't finished.,pleased,,,,,,,1,
fc2-nino-opportunity-01,nino,,opportunity,Hm. My diagonals were closed. My mistake.,surprised,,,,,,,1,
fc2-samuel-game_start-01,samuel,,game_start,Show me your style. I'll meet it.,neutral,,,,,,,1,
fc2-samuel-game_start-02,samuel,,game_start,In Nairobi we play in the park. Everyone watches. No pressure.,neutral,,,,,,,1,
fc2-samuel-game_start-03,samuel,,game_start,A game is a conversation. Let's talk.,pleased,,,,,,,1,
fc2-samuel-game_win-01,samuel,,game_win,Good game. Keep asking good questions on the board.,pleased,,,,,,,1,
fc2-samuel-game_win-02,samuel,,game_win,"You play with courage. Add patience, and you'll be very strong.",pleased,,,,,,,1,
fc2-samuel-game_loss-01,samuel,,game_loss,Beautifully played. I learned from you today.,pleased,,,,,,,1,
fc2-samuel-game_loss-02,samuel,,game_loss,You found the answers. Well done.,neutral,,,,,,,1,
fc2-samuel-capture_queen-01,samuel,,capture_queen,Your queen. Think about how that happened.,neutral,,,,,,,1,
fc2-samuel-capture_minor-01,samuel,,capture_minor,Your {piece}. It was asking to be taken.,neutral,,,,,,,1,
fc2-samuel-capture_rook-01,samuel,,capture_rook,A rook. The position gave it to me.,neutral,,,,,,,1,
fc2-samuel-check_given-01,samuel,,check_given,Check. What's your answer?,neutral,,,,,,,1,
fc2-samuel-castling-01,samuel,,castling,Castled. A calm king thinks clearly.,neutral,,,,,,,1,
fc2-samuel-clearly_winning-01,samuel,,clearly_winning,The position speaks for itself.,neutral,,,,,,,1,
fc2-samuel-clearly_losing-01,samuel,,clearly_losing,Interesting. You've found something.,surprised,,,,,,,1,
fc2-samuel-queens_off-01,samuel,,queens_off,Queens off. Now we see who understands the position.,neutral,,,,,,,1,
fc2-samuel-endgame_reached-01,samuel,,endgame_reached,The ending. Where understanding shows.,neutral,,,,,,,1,
fc2-samuel-sacrifice-01,samuel,,sacrifice,A sacrifice. Can you see why?,smug,,,,,,,1,
fc2-samuel-promotion-01,samuel,,promotion,A new queen. The patient pawn rewarded.,pleased,,,,,,,1,
fc2-samuel-opportunity-01,samuel,,opportunity,Hm. I let the conversation slip there.,surprised,,,,,,,1,
fc2-elena-game_start-01,elena,,game_start,I've played thousands of games. I remember most of them.,neutral,,,,,,,1,
fc2-elena-game_start-02,elena,,game_start,I don't need to attack. I just need you to make one mistake.,neutral,,,,,,,1,
fc2-elena-game_start-03,elena,,game_start,Let's play a proper game. All the way to the end.,neutral,,,,,,,1,
fc2-elena-game_win-01,elena,,game_win,Solid play wins. Good game.,neutral,,,,,,,1,
fc2-elena-game_win-02,elena,,game_win,You lasted well. Most don't.,pleased,,,,,,,1,
fc2-elena-game_loss-01,elena,,game_loss,Very well played. You made no mistakes. That's rare.,surprised,,,,,,,1,
fc2-elena-game_loss-02,elena,,game_loss,I'll be studying this one. Congratulations.,neutral,,,,,,,1,
fc2-elena-capture_queen-01,elena,,capture_queen,Your queen. That was the mistake I was waiting for.,neutral,,,,,,,1,
fc2-elena-capture_minor-01,elena,,capture_minor,Your {piece}. Noted.,neutral,,,,,,,1,
fc2-elena-capture_rook-01,elena,,capture_rook,A rook. The game is simpler now.,neutral,,,,,,,1,
fc2-elena-check_given-01,elena,,check_given,Check.,neutral,,,,,,,1,
fc2-elena-castling-01,elena,,castling,Castled.,neutral,,,,,,,1,
fc2-elena-clearly_winning-01,elena,,clearly_winning,Now it's only technique.,smug,,,,,,,1,
fc2-elena-clearly_losing-01,elena,,clearly_losing,Hm. You're playing very accurately.,surprised,,,,,,,1,
fc2-elena-queens_off-01,elena,,queens_off,Queens off. The long game begins.,neutral,,,,,,,1,
fc2-elena-endgame_reached-01,elena,,endgame_reached,The ending. Where grandmasters earn their title.,neutral,,,,,,,1,
fc2-elena-sacrifice-01,elena,,sacrifice,A sacrifice. Calculated to the end.,smug,,,,,,,1,
fc2-elena-promotion-01,elena,,promotion,Promotion. As expected.,neutral,,,,,,,1,
fc2-elena-opportunity-01,elena,,opportunity,A small imprecision. I'll hold it together.,surprised,,,,,,,1,
fc2-bo-game_start-01,bo,,game_start,Hi! I'm six! Do you want to see my horse move?,pleased,,,,,,,1,
fc2-bo-game_start-02,bo,,game_start,The horse goes like an L. I know that one.,neutral,,,,,,,1,
fc2-bo-game_start-03,bo,,game_start,Can I go first? I'm going first.,smug,,,,,,,1,
fc2-bo-game_win-01,bo,,game_win,I WON! I'm the chess king!,pleased,,,,,,,1,
fc2-bo-game_win-02,bo,,game_win,Yay! Can I tell my teacher?,pleased,,,,,,,1,
fc2-bo-game_loss-01,bo,,game_loss,Aww. Again! Again!,annoyed,,,,,,,1,
fc2-bo-game_loss-02,bo,,game_loss,That's okay. I'm still six.,pleased,,,,,,,1,
fc2-bo-key_moment-01,bo,,key_moment,Ooh. Everything's very exciting now.,neutral,,,,,,,1,
fc2-bo-capture_queen-01,bo,,capture_queen,I got the big one! The queen!,pleased,,,,,,,1,
fc2-bo-capture_minor-01,bo,,capture_minor,I got your {piece}! Look!,pleased,,,,,,,1,
fc2-bo-capture_rook-01,bo,,capture_rook,I got the tower!,pleased,,,,,,,1,
fc2-bo-check_given-01,bo,,check_given,Check! Is that how you say it? Check!,smug,,,,,,,1,
fc2-bo-castling-01,bo,,castling,The king and the tower swapped! Cool!,surprised,,,,,,,1,
fc2-bo-clearly_winning-01,bo,,clearly_winning,I think I'm winning. Am I? I am!,pleased,,,,,,,1,
fc2-bo-clearly_losing-01,bo,,clearly_losing,Where did all my horses go?,annoyed,,,,,,,1,
fc2-bo-queens_off-01,bo,,queens_off,The queens went away. Bye queens.,neutral,,,,,,,1,
fc2-bo-endgame_reached-01,bo,,endgame_reached,Not many pieces left. It's like the end of a film.,neutral,,,,,,,1,
fc2-bo-sacrifice-01,bo,,sacrifice,Oops. Is that a present? It's a present.,pleased,,,,,,,1,
fc2-bo-promotion-01,bo,,promotion,My little pawn became a queen! Like a butterfly!,pleased,,,,,,,1,
fc2-bo-opportunity-01,bo,,opportunity,Uh oh. I did a whoopsie.,surprised,,,,,,,1,
fc2-grace-game_start-01,grace,,game_start,My grandson taught me this. Don't tell him if I win.,pleased,,,,,,,1,
fc2-grace-game_start-02,grace,,game_start,"I don't know all the rules yet, darling. But I know taking.",neutral,,,,,,,1,
fc2-grace-game_start-03,grace,,game_start,Let's have a nice game. Then I'll make us some food.,pleased,,,,,,,1,
fc2-grace-game_win-01,grace,,game_win,"Oh, look at that! Wait till my grandson hears.",pleased,,,,,,,1,
fc2-grace-game_win-02,grace,,game_win,"Not bad for a beginner, eh?",smug,,,,,,,1,
fc2-grace-game_loss-01,grace,,game_loss,"Well done, darling. I'll get you next time.",pleased,,,,,,,1,
fc2-grace-game_loss-02,grace,,game_loss,My grandson says I should protect my pieces. He might be right.,neutral,,,,,,,1,
fc2-grace-key_moment-01,grace,,key_moment,Hmm. Even I can see something's going on here.,neutral,,,,,,,1,
fc2-grace-capture_queen-01,grace,,capture_queen,I took your queen! Is that allowed? It's allowed.,pleased,,,,,,,1,
fc2-grace-capture_minor-01,grace,,capture_minor,"I'll have your {piece}, thank you, darling.",pleased,,,,,,,1,
fc2-grace-capture_rook-01,grace,,capture_rook,A rook! My grandson will be jealous.,pleased,,,,,,,1,
fc2-grace-check_given-01,grace,,check_given,Check! My grandson taught me that word.,smug,,,,,,,1,
fc2-grace-castling-01,grace,,castling,The king goes in the corner. For his safety.,neutral,,,,,,,1,
fc2-grace-clearly_winning-01,grace,,clearly_winning,"I think I'm doing well, you know.",pleased,,,,,,,1,
fc2-grace-clearly_losing-01,grace,,clearly_losing,Oh dear. My pieces keep wandering off.,annoyed,,,,,,,1,
fc2-grace-queens_off-01,grace,,queens_off,"No queens. That's a shame, I liked mine.",neutral,,,,,,,1,
fc2-grace-endgame_reached-01,grace,,endgame_reached,Just a few pieces left. Like the end of a party.,neutral,,,,,,,1,
fc2-grace-sacrifice-01,grace,,sacrifice,You can have that one. I'm feeling generous.,pleased,,,,,,,1,
fc2-grace-promotion-01,grace,,promotion,A new queen! Just like that!,pleased,,,,,,,1,
fc2-grace-opportunity-01,grace,,opportunity,"Oh dear. I've left something, haven't I.",surprised,,,,,,,1,
fc2-finn-game_start-01,finn,,game_start,Grand. Let's have a go.,pleased,,,,,,,1,
fc2-finn-game_start-02,finn,,game_start,I play chess like I play rugby. Straight at you.,neutral,,,,,,,1,
fc2-finn-game_start-03,finn,,game_start,My coach says I think too little. Watch me prove him right.,smug,,,,,,,1,
fc2-finn-game_win-01,finn,,game_win,Try scored! Good game.,pleased,,,,,,,1,
fc2-finn-game_win-02,finn,,game_win,Straight up the middle. Works every time.,smug,,,,,,,1,
fc2-finn-game_loss-01,finn,,game_loss,You tackled me there. Fair play.,annoyed,,,,,,,1,
fc2-finn-game_loss-02,finn,,game_loss,"Ah, sure look. Next time.",pleased,,,,,,,1,
fc2-finn-key_moment-01,finn,,key_moment,"Big moment, this. Like a scrum on the line.",neutral,,,,,,,1,
fc2-finn-capture_queen-01,finn,,capture_queen,Your queen! That's a proper tackle.,pleased,,,,,,,1,
fc2-finn-capture_minor-01,finn,,capture_minor,Got your {piece}. Knocked it right over.,smug,,,,,,,1,
fc2-finn-capture_rook-01,finn,,capture_rook,Rook's gone! Straight through.,pleased,,,,,,,1,
fc2-finn-check_given-01,finn,,check_given,Check! Love a check.,smug,,,,,,,1,
fc2-finn-castling-01,finn,,castling,Castled. Protecting the fly-half.,neutral,,,,,,,1,
fc2-finn-clearly_winning-01,finn,,clearly_winning,We're miles ahead here.,smug,,,,,,,1,
fc2-finn-clearly_losing-01,finn,,clearly_losing,"Bit of a battering, this.",annoyed,,,,,,,1,
fc2-finn-queens_off-01,finn,,queens_off,No queens. Just the forwards left.,neutral,,,,,,,1,
fc2-finn-endgame_reached-01,finn,,endgame_reached,Last few minutes. Keep the legs going.,neutral,,,,,,,1,
fc2-finn-sacrifice-01,finn,,sacrifice,"Threw that one in. Might work, might not.",smug,,,,,,,1,
fc2-finn-promotion-01,finn,,promotion,Pawn over the line! That's a try!,pleased,,,,,,,1,
fc2-finn-opportunity-01,finn,,opportunity,"Ah, I dropped the ball there.",surprised,,,,,,,1,
fc2-mina-game_start-01,mina,,game_start,I did fifty puzzles before this. My eyes are ready.,pleased,,,,,,,1,
fc2-mina-game_start-02,mina,,game_start,"Every knight I see, I check for forks. Every single one.",neutral,,,,,,,1,
fc2-mina-game_start-03,mina,,game_start,Let's see if you leave two things on the same square pattern.,smug,,,,,,,1,
fc2-mina-game_win-01,mina,,game_win,"Fork, then win. Classic.",smug,,,,,,,1,
fc2-mina-game_win-02,mina,,game_win,"That was like a puzzle, but longer. Good game!",pleased,,,,,,,1,
fc2-mina-game_loss-01,mina,,game_loss,You didn't leave me any forks. Rude. Well played.,annoyed,,,,,,,1,
fc2-mina-game_loss-02,mina,,game_loss,More puzzles tonight. Hundreds.,neutral,,,,,,,1,
fc2-mina-key_moment-01,mina,,key_moment,This looks like a puzzle. Puzzles always have an answer.,neutral,,,,,,,1,
fc2-mina-capture_queen-01,mina,,capture_queen,Your queen! Puzzle solved.,smug,,,,,,,1,
fc2-mina-capture_minor-01,mina,,capture_minor,Your {piece}. I saw that one coming.,smug,,,,,,,1,
fc2-mina-capture_rook-01,mina,,capture_rook,A rook! That's a three-star puzzle.,pleased,,,,,,,1,
fc2-mina-check_given-01,mina,,check_given,Check. Look at everything it attacks.,smug,,,,,,,1,
fc2-mina-castling-01,mina,,castling,Castled. No forks near my king.,neutral,,,,,,,1,
fc2-mina-clearly_winning-01,mina,,clearly_winning,"Every puzzle I solve, I get further ahead.",smug,,,,,,,1,
fc2-mina-clearly_losing-01,mina,,clearly_losing,Hmm. This puzzle is hard.,annoyed,,,,,,,1,
fc2-mina-queens_off-01,mina,,queens_off,No queens. Fewer forks. Sad.,annoyed,,,,,,,1,
fc2-mina-endgame_reached-01,mina,,endgame_reached,An ending. Knight forks work here too.,neutral,,,,,,,1,
fc2-mina-sacrifice-01,mina,,sacrifice,That's a puzzle move. Do you see why?,smug,,,,,,,1,
fc2-mina-promotion-01,mina,,promotion,Promotion! Best puzzle ending.,pleased,,,,,,,1,
fc2-mina-opportunity-01,mina,,opportunity,Oh no. I've made a puzzle for you.,surprised,,,,,,,1,
fc2-luca-game_start-01,luca,,game_start,The Italian Game. What else? I'm Italian.,smug,,,,,,,1,
fc2-luca-game_start-02,luca,,game_start,Chess is like pasta. Simple things done perfectly.,neutral,,,,,,,1,
fc2-luca-game_start-03,luca,,game_start,"Andiamo! Bishop to c4, you know the story.",pleased,,,,,,,1,
fc2-luca-game_win-01,luca,,game_win,Perfetto. Like my nonna's cooking.,pleased,,,,,,,1,
fc2-luca-game_win-02,luca,,game_win,Bellissimo. Grazie for the game.,smug,,,,,,,1,
fc2-luca-game_loss-01,luca,,game_loss,"Mamma mia. Well played, well played.",annoyed,,,,,,,1,
fc2-luca-game_loss-02,luca,,game_loss,You beat the Italian with the Italian? Bravo.,surprised,,,,,,,1,
fc2-luca-key_moment-01,luca,,key_moment,Attenzione. This moment matters.,neutral,,,,,,,1,
fc2-luca-capture_queen-01,luca,,capture_queen,La regina! Your queen is mine.,pleased,,,,,,,1,
fc2-luca-capture_minor-01,luca,,capture_minor,"Your {piece}, grazie mille.",pleased,,,,,,,1,
fc2-luca-capture_rook-01,luca,,capture_rook,A rook! Magnifico.,pleased,,,,,,,1,
fc2-luca-check_given-01,luca,,check_given,"Scacco! That's check, in Italian.",smug,,,,,,,1,
fc2-luca-castling-01,luca,,castling,Castled. Like a villa on the hill.,neutral,,,,,,,1,
fc2-luca-clearly_winning-01,luca,,clearly_winning,Now it's easy. Like making toast.,smug,,,,,,,1,
fc2-luca-clearly_losing-01,luca,,clearly_losing,Madonna. This is not going well.,annoyed,,,,,,,1,
fc2-luca-queens_off-01,luca,,queens_off,No queens. A quieter dinner.,neutral,,,,,,,1,
fc2-luca-endgame_reached-01,luca,,endgame_reached,The finale. Every opera has one.,neutral,,,,,,,1,
fc2-luca-sacrifice-01,luca,,sacrifice,A sacrifice! Very dramatic. Very Italian.,smug,,,,,,,1,
fc2-luca-promotion-01,luca,,promotion,A new queen! Che bello!,pleased,,,,,,,1,
fc2-luca-opportunity-01,luca,,opportunity,"Ah, che peccato. That was careless.",surprised,,,,,,,1,
fc2-zeynep-game_start-01,zeynep,,game_start,Hypothesis: I'll win. Let's test it.,smug,,,,,,,1,
fc2-zeynep-game_start-02,zeynep,,game_start,Every opening is an experiment. Let's run one.,neutral,,,,,,,1,
fc2-zeynep-game_start-03,zeynep,,game_start,Chemistry and chess. Both are about reactions.,pleased,,,,,,,1,
fc2-zeynep-game_win-01,zeynep,,game_win,Hypothesis confirmed. Good game.,smug,,,,,,,1,
fc2-zeynep-game_win-02,zeynep,,game_win,The experiment worked. I'll write it up.,pleased,,,,,,,1,
fc2-zeynep-game_loss-01,zeynep,,game_loss,Unexpected result. I'll repeat the experiment.,surprised,,,,,,,1,
fc2-zeynep-game_loss-02,zeynep,,game_loss,Well played. My theory needs work.,neutral,,,,,,,1,
fc2-zeynep-key_moment-01,zeynep,,key_moment,"Critical point. Small changes, big reactions.",neutral,,,,,,,1,
fc2-zeynep-capture_queen-01,zeynep,,capture_queen,Your queen. A very strong reaction.,smug,,,,,,,1,
fc2-zeynep-capture_minor-01,zeynep,,capture_minor,Your {piece}. Result recorded.,neutral,,,,,,,1,
fc2-zeynep-capture_rook-01,zeynep,,capture_rook,A rook. That changes the balance.,pleased,,,,,,,1,
fc2-zeynep-check_given-01,zeynep,,check_given,Check. Observe the response.,smug,,,,,,,1,
fc2-zeynep-castling-01,zeynep,,castling,Castled. Safety first in the lab.,neutral,,,,,,,1,
fc2-zeynep-clearly_winning-01,zeynep,,clearly_winning,The data says I'm winning.,smug,,,,,,,1,
fc2-zeynep-clearly_losing-01,zeynep,,clearly_losing,Something has gone wrong in the experiment.,annoyed,,,,,,,1,
fc2-zeynep-queens_off-01,zeynep,,queens_off,Queens removed. A cleaner experiment.,neutral,,,,,,,1,
fc2-zeynep-endgame_reached-01,zeynep,,endgame_reached,An ending. Fewer variables now.,neutral,,,,,,,1,
fc2-zeynep-sacrifice-01,zeynep,,sacrifice,A controlled sacrifice. For science.,smug,,,,,,,1,
fc2-zeynep-promotion-01,zeynep,,promotion,A transformation! Pawn into queen.,pleased,,,,,,,1,
fc2-zeynep-opportunity-01,zeynep,,opportunity,Hm. A contamination in my experiment.,surprised,,,,,,,1,
fc2-thandi-game_start-01,thandi,,game_start,"I tell my team: develop, castle, then think. Let's play.",neutral,,,,,,,1,
fc2-thandi-game_start-02,thandi,,game_start,My students watch me play. So I'll play properly.,neutral,,,,,,,1,
fc2-thandi-game_start-03,thandi,,game_start,Good afternoon. Shall we play a sensible game?,pleased,,,,,,,1,
fc2-thandi-game_win-01,thandi,,game_win,Solid moves win games. Tell your friends.,pleased,,,,,,,1,
fc2-thandi-game_win-02,thandi,,game_win,Good game. You're welcome in my team any time.,pleased,,,,,,,1,
fc2-thandi-game_loss-01,thandi,,game_loss,Very well played. My students would learn from that.,pleased,,,,,,,1,
fc2-thandi-game_loss-02,thandi,,game_loss,You found a way through. That's not easy.,surprised,,,,,,,1,
fc2-thandi-key_moment-01,thandi,,key_moment,This is the move I'd stop my team on. Think.,neutral,,,,,,,1,
fc2-thandi-capture_queen-01,thandi,,capture_queen,Your queen. Always check what's attacked.,neutral,,,,,,,1,
fc2-thandi-capture_minor-01,thandi,,capture_minor,Your {piece}. It was left alone.,neutral,,,,,,,1,
fc2-thandi-capture_rook-01,thandi,,capture_rook,A rook. That's a lesson for next time.,neutral,,,,,,,1,
fc2-thandi-check_given-01,thandi,,check_given,Check.,neutral,,,,,,,1,
fc2-thandi-castling-01,thandi,,castling,Castled. Rule number two.,pleased,,,,,,,1,
fc2-thandi-clearly_winning-01,thandi,,clearly_winning,Now I play safely and finish it.,neutral,,,,,,,1,
fc2-thandi-clearly_losing-01,thandi,,clearly_losing,Hm. I'm in trouble. Let's defend.,annoyed,,,,,,,1,
fc2-thandi-queens_off-01,thandi,,queens_off,Queens off. Now we see who knows their endings.,neutral,,,,,,,1,
fc2-thandi-endgame_reached-01,thandi,,endgame_reached,An ending. King to the middle. Always.,neutral,,,,,,,1,
fc2-thandi-sacrifice-01,thandi,,sacrifice,A sacrifice. I'd make my students explain that.,smug,,,,,,,1,
fc2-thandi-promotion-01,thandi,,promotion,"Promoted. Well earned, little pawn.",pleased,,,,,,,1,
fc2-thandi-opportunity-01,thandi,,opportunity,Ah. I'd tell a student off for that one.,surprised,,,,,,,1,
fc2-minh-game_start-01,minh,,game_start,Hello.,neutral,,,,,,,1,
fc2-minh-game_start-02,minh,,game_start,I don't say much. The ending will talk for me.,neutral,,,,,,,1,
fc2-minh-game_start-03,minh,,game_start,Let's trade down and see who knows more.,neutral,,,,,,,1,
fc2-minh-game_win-01,minh,,game_win,The ending decided it.,neutral,,,,,,,1,
fc2-minh-game_win-02,minh,,game_win,Thank you. A good game.,pleased,,,,,,,1,
fc2-minh-game_loss-01,minh,,game_loss,Well played. You kept the pieces on.,annoyed,,,,,,,1,
fc2-minh-game_loss-02,minh,,game_loss,Hm. Good.,neutral,,,,,,,1,
fc2-minh-key_moment-01,minh,,key_moment,Careful.,neutral,,,,,,,1,
fc2-minh-capture_queen-01,minh,,capture_queen,Your queen.,neutral,,,,,,,1,
fc2-minh-capture_minor-01,minh,,capture_minor,Your {piece}.,neutral,,,,,,,1,
fc2-minh-capture_rook-01,minh,,capture_rook,A rook. Thank you.,neutral,,,,,,,1,
fc2-minh-check_given-01,minh,,check_given,Check.,neutral,,,,,,,1,
fc2-minh-castling-01,minh,,castling,Castled.,neutral,,,,,,,1,
fc2-minh-clearly_winning-01,minh,,clearly_winning,Now it's only a matter of time.,smug,,,,,,,1,
fc2-minh-clearly_losing-01,minh,,clearly_losing,Not over yet.,annoyed,,,,,,,1,
fc2-minh-queens_off-01,minh,,queens_off,Queens off. Good.,pleased,,,,,,,1,
fc2-minh-endgame_reached-01,minh,,endgame_reached,The ending. Now I wake up.,smug,,,,,,,1,
fc2-minh-sacrifice-01,minh,,sacrifice,A small price.,smug,,,,,,,1,
fc2-minh-promotion-01,minh,,promotion,Queen.,pleased,,,,,,,1,
fc2-minh-opportunity-01,minh,,opportunity,Hm. Careless.,surprised,,,,,,,1,
fc2-isabel-game_start-01,isabel,,game_start,I'll be honest. I'm coming for your king.,smug,,,,,,,1,
fc2-isabel-game_start-02,isabel,,game_start,"Castle quickly. It won't help, but try.",neutral,,,,,,,1,
fc2-isabel-game_start-03,isabel,,game_start,"Every game, one target. Your king.",neutral,,,,,,,1,
fc2-isabel-game_win-01,isabel,,game_win,Checkmate is the only result I care about.,smug,,,,,,,1,
fc2-isabel-game_win-02,isabel,,game_win,Good game. Your king was brave.,pleased,,,,,,,1,
fc2-isabel-game_loss-01,isabel,,game_loss,You survived the attack. Not many do.,surprised,,,,,,,1,
fc2-isabel-game_loss-02,isabel,,game_loss,Well defended. I'll attack better next time.,annoyed,,,,,,,1,
fc2-isabel-key_moment-01,isabel,,key_moment,The attack is at its peak. Every move counts now.,neutral,,,,,,,1,
fc2-isabel-capture_queen-01,isabel,,capture_queen,Your queen. Now your king is lonely.,smug,,,,,,,1,
fc2-isabel-capture_minor-01,isabel,,capture_minor,Your {piece} was defending. Not any more.,smug,,,,,,,1,
fc2-isabel-capture_rook-01,isabel,,capture_rook,A rook. One less defender.,smug,,,,,,,1,
fc2-isabel-check_given-01,isabel,,check_given,Check. And there's more coming.,smug,,,,,,,1,
fc2-isabel-castling-01,isabel,,castling,Castled. My king is safe. Yours isn't.,neutral,,,,,,,1,
fc2-isabel-clearly_winning-01,isabel,,clearly_winning,Your king has nowhere to hide.,smug,,,,,,,1,
fc2-isabel-clearly_losing-01,isabel,,clearly_losing,My attack stalled. That's annoying.,annoyed,,,,,,,1,
fc2-isabel-queens_off-01,isabel,,queens_off,No queens? My attack just got harder.,annoyed,,,,,,,1,
fc2-isabel-endgame_reached-01,isabel,,endgame_reached,"An ending. Even here, kings get mated.",neutral,,,,,,,1,
fc2-isabel-sacrifice-01,isabel,,sacrifice,Take it. Your king won't thank you.,smug,,,,,,,1,
fc2-isabel-promotion-01,isabel,,promotion,A new queen. More attackers.,pleased,,,,,,,1,
fc2-isabel-opportunity-01,isabel,,opportunity,Hm. I forgot about my own king.,surprised,,,,,,,1,
fc2-pieter-game_start-01,pieter,,game_start,"Total chess. Every piece attacks, every piece defends.",pleased,,,,,,,1,
fc2-pieter-game_start-02,pieter,,game_start,"In Amsterdam we play fast and we play together. All my pieces, anyway.",neutral,,,,,,,1,
fc2-pieter-game_start-03,pieter,,game_start,Let's see whose pieces work better as a team.,neutral,,,,,,,1,
fc2-pieter-game_win-01,pieter,,game_win,Teamwork! Every piece played its part.,pleased,,,,,,,1,
fc2-pieter-game_win-02,pieter,,game_win,Good game. My rooks especially enjoyed that.,smug,,,,,,,1,
fc2-pieter-game_loss-01,pieter,,game_loss,Your team beat my team. Well played.,annoyed,,,,,,,1,
fc2-pieter-game_loss-02,pieter,,game_loss,Hm. My pieces weren't talking to each other.,neutral,,,,,,,1,
fc2-pieter-key_moment-01,pieter,,key_moment,Big moment. Every piece on the board matters now.,neutral,,,,,,,1,
fc2-pieter-capture_queen-01,pieter,,capture_queen,Your queen. Great team goal.,smug,,,,,,,1,
fc2-pieter-capture_minor-01,pieter,,capture_minor,Your {piece}. Passed around and finished off.,smug,,,,,,,1,
fc2-pieter-capture_rook-01,pieter,,capture_rook,A rook. The whole team helped with that one.,pleased,,,,,,,1,
fc2-pieter-check_given-01,pieter,,check_given,Check. Everyone's joining in.,smug,,,,,,,1,
fc2-pieter-castling-01,pieter,,castling,Castled. Now the rooks can join the team.,neutral,,,,,,,1,
fc2-pieter-clearly_winning-01,pieter,,clearly_winning,Everything's flowing now.,smug,,,,,,,1,
fc2-pieter-clearly_losing-01,pieter,,clearly_losing,My team is falling apart.,annoyed,,,,,,,1,
fc2-pieter-queens_off-01,pieter,,queens_off,No queens. Still a full team.,neutral,,,,,,,1,
fc2-pieter-endgame_reached-01,pieter,,endgame_reached,An ending. Even the king joins the team now.,neutral,,,,,,,1,
fc2-pieter-sacrifice-01,pieter,,sacrifice,A sacrifice for the team.,smug,,,,,,,1,
fc2-pieter-promotion-01,pieter,,promotion,New queen! A substitute off the bench.,pleased,,,,,,,1,
fc2-pieter-opportunity-01,pieter,,opportunity,Hm. A gap in my defence.,surprised,,,,,,,1,
fc2-tariq-game_start-01,tariq,,game_start,I usually play one-minute games. This will feel very slow.,smug,,,,,,,1,
fc2-tariq-game_start-02,tariq,,game_start,"Sharp positions only, please. I get bored otherwise.",neutral,,,,,,,1,
fc2-tariq-game_start-03,tariq,,game_start,Let's see how you handle speed.,neutral,,,,,,,1,
fc2-tariq-game_win-01,tariq,,game_win,Fast and sharp. Good game.,smug,,,,,,,1,
fc2-tariq-game_win-02,tariq,,game_win,You fought well. It got very tactical.,pleased,,,,,,,1,
fc2-tariq-game_loss-01,tariq,,game_loss,Very impressive. You didn't crack.,surprised,,,,,,,1,
fc2-tariq-game_loss-02,tariq,,game_loss,"Well played. I went too fast, as usual.",annoyed,,,,,,,1,
fc2-tariq-key_moment-01,tariq,,key_moment,Very sharp position. One slip and it's over.,neutral,,,,,,,1,
fc2-tariq-capture_queen-01,tariq,,capture_queen,Your queen. Too slow.,smug,,,,,,,1,
fc2-tariq-capture_minor-01,tariq,,capture_minor,Your {piece}. Thank you.,smug,,,,,,,1,
fc2-tariq-capture_rook-01,tariq,,capture_rook,A rook. That was quick.,smug,,,,,,,1,
fc2-tariq-check_given-01,tariq,,check_given,Check.,smug,,,,,,,1,
fc2-tariq-castling-01,tariq,,castling,Castled. Now it gets sharp.,neutral,,,,,,,1,
fc2-tariq-clearly_winning-01,tariq,,clearly_winning,"This is over. In blitz, I'd already be playing the next game.",smug,,,,,,,1,
fc2-tariq-clearly_losing-01,tariq,,clearly_losing,Hm. You're faster than you look.,annoyed,,,,,,,1,
fc2-tariq-queens_off-01,tariq,,queens_off,Queens off. Less fun. Still sharp.,annoyed,,,,,,,1,
fc2-tariq-endgame_reached-01,tariq,,endgame_reached,An ending. I play these at lightning speed too.,neutral,,,,,,,1,
fc2-tariq-sacrifice-01,tariq,,sacrifice,"Sacrifice. Calculate it, if you have time.",smug,,,,,,,1,
fc2-tariq-promotion-01,tariq,,promotion,Queen. Quick as that.,pleased,,,,,,,1,
fc2-tariq-opportunity-01,tariq,,opportunity,"Hm. Too fast, even for me.",surprised,,,,,,,1,
fc2-leila-game_start-01,leila,,game_start,I've trained many champions. Show me what you've learned.,neutral,,,,,,,1,
fc2-leila-game_start-02,leila,,game_start,Every move should have a reason. Let's see yours.,neutral,,,,,,,1,
fc2-leila-game_start-03,leila,,game_start,Play your best. I'll know if you don't.,smug,,,,,,,1,
fc2-leila-game_win-01,leila,,game_win,Good effort. Think about why each move lost ground.,neutral,,,,,,,1,
fc2-leila-game_win-02,leila,,game_win,You have talent. Now you need discipline.,pleased,,,,,,,1,
fc2-leila-game_loss-01,leila,,game_loss,Excellent. My students will study this game.,pleased,,,,,,,1,
fc2-leila-game_loss-02,leila,,game_loss,Very well played. You have good reasons for your moves.,surprised,,,,,,,1,
fc2-leila-key_moment-01,leila,,key_moment,Ask yourself: what is my opponent threatening?,neutral,,,,,,,1,
fc2-leila-capture_queen-01,leila,,capture_queen,Your queen. Why did you allow that?,neutral,,,,,,,1,
fc2-leila-capture_minor-01,leila,,capture_minor,"Your {piece}. Each piece needs a job, and a guard.",neutral,,,,,,,1,
fc2-leila-capture_rook-01,leila,,capture_rook,A rook. A serious lesson.,neutral,,,,,,,1,
fc2-leila-check_given-01,leila,,check_given,Check. What are your options?,neutral,,,,,,,1,
fc2-leila-castling-01,leila,,castling,Castled. The right time.,neutral,,,,,,,1,
fc2-leila-clearly_winning-01,leila,,clearly_winning,The position is decided. Let's see how you defend.,neutral,,,,,,,1,
fc2-leila-clearly_losing-01,leila,,clearly_losing,Good. Very good. You've outplayed me here.,surprised,,,,,,,1,
fc2-leila-queens_off-01,leila,,queens_off,Queens off. Now we find out who understands the position.,neutral,,,,,,,1,
fc2-leila-endgame_reached-01,leila,,endgame_reached,The ending. Technique is everything.,neutral,,,,,,,1,
fc2-leila-sacrifice-01,leila,,sacrifice,A sacrifice. There is always a reason.,smug,,,,,,,1,
fc2-leila-promotion-01,leila,,promotion,A queen. The reward for patience.,pleased,,,,,,,1,
fc2-leila-opportunity-01,leila,,opportunity,Hm. A lapse. Even trainers make them.,surprised,,,,,,,1,
fc2-philidor-game_start-01,philidor,,game_start,Remember: pawns are the soul of chess.,neutral,,,,,,,1,
fc2-philidor-game_start-02,philidor,,game_start,I've played blindfolded against three at once. One will do today.,neutral,,,,,,,1,
fc2-philidor-game_start-03,philidor,,game_start,"Between operas, a game of chess. Shall we?",pleased,,,,,,,1,
fc2-philidor-game_win-01,philidor,,game_win,The pawns did their work. They always do.,pleased,,,,,,,1,
fc2-philidor-game_win-02,philidor,,game_win,"A well-composed game, like a good opera.",smug,,,,,,,1,
fc2-philidor-game_loss-01,philidor,,game_loss,Bravo. You understood the pawns better today.,pleased,,,,,,,1,
fc2-philidor-game_loss-02,philidor,,game_loss,Well played. I shall compose something sad about it.,annoyed,,,,,,,1,
fc2-philidor-key_moment-01,philidor,,key_moment,Look at the pawns. They will tell you what to do.,neutral,,,,,,,1,
fc2-philidor-capture_queen-01,philidor,,capture_queen,Your queen. The pawns opened the door.,smug,,,,,,,1,
fc2-philidor-capture_minor-01,philidor,,capture_minor,"Your {piece}, merci.",pleased,,,,,,,1,
fc2-philidor-check_given-01,philidor,,check_given,Check.,neutral,,,,,,,1,
fc2-philidor-castling-01,philidor,,castling,Castled. The king rests behind his pawns.,neutral,,,,,,,1,
fc2-philidor-clearly_winning-01,philidor,,clearly_winning,My pawns have the board now.,smug,,,,,,,1,
fc2-philidor-clearly_losing-01,philidor,,clearly_losing,Hm. My pawns are not happy.,annoyed,,,,,,,1,
fc2-philidor-endgame_reached-01,philidor,,endgame_reached,An ending. Now every pawn counts double.,neutral,,,,,,,1,
fc2-philidor-promotion-01,philidor,,promotion,A pawn becomes a queen. The soul rewarded.,pleased,,,,,,,1,
fc2-anderssen-game_start-01,anderssen,,game_start,In my day we sacrificed first and asked questions never.,smug,,,,,,,1,
fc2-anderssen-game_start-02,anderssen,,game_start,Let us play something worth remembering.,neutral,,,,,,,1,
fc2-anderssen-game_start-03,anderssen,,game_start,The king is there to be attacked. Yours especially.,pleased,,,,,,,1,
fc2-anderssen-game_win-01,anderssen,,game_win,Another game for the history books. Perhaps.,smug,,,,,,,1,
fc2-anderssen-game_win-02,anderssen,,game_win,Immortal? Not quite. But beautiful.,pleased,,,,,,,1,
fc2-anderssen-game_loss-01,anderssen,,game_loss,You refused my gifts. Very modern of you.,annoyed,,,,,,,1,
fc2-anderssen-game_loss-02,anderssen,,game_loss,Well played. My attack ran out of pieces.,neutral,,,,,,,1,
fc2-anderssen-key_moment-01,anderssen,,key_moment,A moment for daring. Or for caution. Choose well.,neutral,,,,,,,1,
fc2-anderssen-capture_queen-01,anderssen,,capture_queen,Your queen! The romance is complete.,pleased,,,,,,,1,
fc2-anderssen-capture_minor-01,anderssen,,capture_minor,Your {piece}. A small payment for the attack.,smug,,,,,,,1,
fc2-anderssen-check_given-01,anderssen,,check_given,Check! The hunt begins.,smug,,,,,,,1,
fc2-anderssen-castling-01,anderssen,,castling,Castled. A pause before the storm.,neutral,,,,,,,1,
fc2-anderssen-clearly_winning-01,anderssen,,clearly_winning,Your king has nowhere left to hide.,smug,,,,,,,1,
fc2-anderssen-clearly_losing-01,anderssen,,clearly_losing,I may have given away one rook too many.,annoyed,,,,,,,1,
fc2-anderssen-sacrifice-01,anderssen,,sacrifice,Take it. I insist.,smug,,,,,,,1,
fc2-anderssen-queens_off-01,anderssen,,queens_off,No queens? Where is the romance in that?,annoyed,,,,,,,1,
fc2-morphy-game_start-01,morphy,,game_start,"Help your pieces, and they will help you.",neutral,,,,,,,1,
fc2-morphy-game_start-02,morphy,,game_start,"Out with the pieces, open the centre, then we shall see.",neutral,,,,,,,1,
fc2-morphy-game_start-03,morphy,,game_start,I hear you've been practising. Good.,pleased,,,,,,,1,
fc2-morphy-game_win-01,morphy,,game_win,Development wins. It always has.,pleased,,,,,,,1,
fc2-morphy-game_win-02,morphy,,game_win,"Your pieces stayed at home too long, I think.",smug,,,,,,,1,
fc2-morphy-game_loss-01,morphy,,game_loss,Splendid. You developed faster than me today.,surprised,,,,,,,1,
fc2-morphy-game_loss-02,morphy,,game_loss,Well played. I should have opened the lines sooner.,neutral,,,,,,,1,
fc2-morphy-key_moment-01,morphy,,key_moment,Every piece of yours: is it doing something?,neutral,,,,,,,1,
fc2-morphy-capture_queen-01,morphy,,capture_queen,"Your queen. Like at the opera, years ago.",smug,,,,,,,1,
fc2-morphy-capture_minor-01,morphy,,capture_minor,"Your {piece}, thank you.",pleased,,,,,,,1,
fc2-morphy-check_given-01,morphy,,check_given,Check. And there is more.,smug,,,,,,,1,
fc2-morphy-castling-01,morphy,,castling,Castled. Now the rooks can join.,neutral,,,,,,,1,
fc2-morphy-clearly_winning-01,morphy,,clearly_winning,All my pieces are working. Are yours?,smug,,,,,,,1,
fc2-morphy-clearly_losing-01,morphy,,clearly_losing,"Hm. You have learned my secret, it seems.",annoyed,,,,,,,1,
fc2-morphy-sacrifice-01,morphy,,sacrifice,A piece for time. Time is worth more.,smug,,,,,,,1,
fc2-morphy-promotion-01,morphy,,promotion,A new queen. The game is decided.,pleased,,,,,,,1,
fc2-lasker-game_start-01,lasker,,game_start,"When you see a good move, look for a better one.",neutral,,,,,,,1,
fc2-lasker-game_start-02,lasker,,game_start,I don't play the board. I play the person.,neutral,,,,,,,1,
fc2-lasker-game_start-03,lasker,,game_start,Twenty-seven years as champion. Let us see about today.,smug,,,,,,,1,
fc2-lasker-game_win-01,lasker,,game_win,You found good moves. I found better ones.,smug,,,,,,,1,
fc2-lasker-game_win-02,lasker,,game_win,A good fight. You will be dangerous.,pleased,,,,,,,1,
fc2-lasker-game_loss-01,lasker,,game_loss,Excellent. You read me well.,surprised,,,,,,,1,
fc2-lasker-game_loss-02,lasker,,game_loss,Well played. Even champions lose.,neutral,,,,,,,1,
fc2-lasker-key_moment-01,lasker,,key_moment,Look for the move your opponent least wants to see.,neutral,,,,,,,1,
fc2-lasker-capture_queen-01,lasker,,capture_queen,"Your queen. You did not expect that, did you?",smug,,,,,,,1,
fc2-lasker-capture_minor-01,lasker,,capture_minor,Your {piece}. Thank you.,neutral,,,,,,,1,
fc2-lasker-check_given-01,lasker,,check_given,Check. How do you feel about that?,smug,,,,,,,1,
fc2-lasker-castling-01,lasker,,castling,Castled.,neutral,,,,,,,1,
fc2-lasker-clearly_winning-01,lasker,,clearly_winning,I think you are feeling the pressure now.,smug,,,,,,,1,
fc2-lasker-clearly_losing-01,lasker,,clearly_losing,Interesting. Very interesting.,surprised,,,,,,,1,
fc2-lasker-queens_off-01,lasker,,queens_off,Queens off. Now we find out who is patient.,neutral,,,,,,,1,
fc2-lasker-endgame_reached-01,lasker,,endgame_reached,An ending. My kind of fight.,neutral,,,,,,,1,
fc2-capablanca-game_start-01,capablanca,,game_start,You learn more from a game you lose than one you win. I hope you learn a lot.,smug,,,,,,,1,
fc2-capablanca-game_start-02,capablanca,,game_start,Simple moves. Clear plans. Let us begin.,neutral,,,,,,,1,
fc2-capablanca-game_start-03,capablanca,,game_start,"I learned chess at four, watching my father. Show me how you learned.",pleased,,,,,,,1,
fc2-capablanca-game_win-01,capablanca,,game_win,"Simple chess, played well. That is all.",pleased,,,,,,,1,
fc2-capablanca-game_win-02,capablanca,,game_win,The ending was always going to be mine.,smug,,,,,,,1,
fc2-capablanca-game_loss-01,capablanca,,game_loss,Magnífico. You played very cleanly.,surprised,,,,,,,1,
fc2-capablanca-game_loss-02,capablanca,,game_loss,You may learn more from a win than you think. Well played.,pleased,,,,,,,1,
fc2-capablanca-key_moment-01,capablanca,,key_moment,Keep it simple. Which move makes the position clearer?,neutral,,,,,,,1,
fc2-capablanca-capture_queen-01,capablanca,,capture_queen,Your queen. That simplifies matters.,smug,,,,,,,1,
fc2-capablanca-capture_minor-01,capablanca,,capture_minor,Your {piece}. One step closer to the ending.,neutral,,,,,,,1,
fc2-capablanca-check_given-01,capablanca,,check_given,Check.,neutral,,,,,,,1,
fc2-capablanca-castling-01,capablanca,,castling,Castled. Everything in order.,neutral,,,,,,,1,
fc2-capablanca-clearly_winning-01,capablanca,,clearly_winning,Now I only need to trade and walk my king forward.,smug,,,,,,,1,
fc2-capablanca-clearly_losing-01,capablanca,,clearly_losing,Hm. This is not simple at all.,annoyed,,,,,,,1,
fc2-capablanca-queens_off-01,capablanca,,queens_off,Queens off. Now we play real chess.,pleased,,,,,,,1,
fc2-capablanca-endgame_reached-01,capablanca,,endgame_reached,The ending. Where I have always been at home.,pleased,,,,,,,1,
fc2-menchik-game_start-01,menchik,,game_start,Many masters joined the Menchik Club by losing to me. Shall I add your name?,smug,,,,,,,1,
fc2-menchik-game_start-02,menchik,,game_start,"Solid moves first. Brilliance later, if needed.",neutral,,,,,,,1,
fc2-menchik-game_start-03,menchik,,game_start,People underestimate me. Please do.,pleased,,,,,,,1,
fc2-menchik-game_win-01,menchik,,game_win,Welcome to the club.,smug,,,,,,,1,
fc2-menchik-game_win-02,menchik,,game_win,Careful play wins again. Thank you for the game.,pleased,,,,,,,1,
fc2-menchik-game_loss-01,menchik,,game_loss,Very well played. You did not underestimate me.,pleased,,,,,,,1,
fc2-menchik-game_loss-02,menchik,,game_loss,Excellent. A deserved win.,neutral,,,,,,,1,
fc2-menchik-key_moment-01,menchik,,key_moment,Careful now. This is where people slip.,neutral,,,,,,,1,
fc2-menchik-capture_queen-01,menchik,,capture_queen,"Your queen. Another member for the club, perhaps.",smug,,,,,,,1,
fc2-menchik-capture_minor-01,menchik,,capture_minor,Your {piece}. You left it alone.,neutral,,,,,,,1,
fc2-menchik-check_given-01,menchik,,check_given,Check.,neutral,,,,,,,1,
fc2-menchik-castling-01,menchik,,castling,Castled. Safety first.,neutral,,,,,,,1,
fc2-menchik-clearly_winning-01,menchik,,clearly_winning,Now I simply keep everything safe.,smug,,,,,,,1,
fc2-menchik-clearly_losing-01,menchik,,clearly_losing,Hm. You are playing very well.,surprised,,,,,,,1,
fc2-menchik-queens_off-01,menchik,,queens_off,Queens off. Good. Fewer surprises.,pleased,,,,,,,1,
fc2-menchik-endgame_reached-01,menchik,,endgame_reached,An ending. Patience now.,neutral,,,,,,,1,
fc2-alekhine-game_start-01,alekhine,,game_start,"Chess, for me, is not a game. It is an art.",neutral,,,,,,,1,
fc2-alekhine-game_start-02,alekhine,,game_start,"Chase my knight with your pawns, if you dare.",neutral,,,,,,,1,
fc2-alekhine-game_start-03,alekhine,,game_start,Every position hides a combination. Let us find them.,smug,,,,,,,1,
fc2-alekhine-game_win-01,alekhine,,game_win,"The combination worked, as I calculated.",smug,,,,,,,1,
fc2-alekhine-game_win-02,alekhine,,game_win,A fine game. You defended bravely.,pleased,,,,,,,1,
fc2-alekhine-game_loss-01,alekhine,,game_loss,Superb. You saw further than me.,surprised,,,,,,,1,
fc2-alekhine-game_loss-02,alekhine,,game_loss,Well played. I shall study this one.,annoyed,,,,,,,1,
fc2-alekhine-key_moment-01,alekhine,,key_moment,There is a combination here. For one of us.,neutral,,,,,,,1,
fc2-alekhine-capture_queen-01,alekhine,,capture_queen,Your queen. The combination is complete.,smug,,,,,,,1,
fc2-alekhine-capture_minor-01,alekhine,,capture_minor,Your {piece}. Part of the plan.,smug,,,,,,,1,
fc2-alekhine-check_given-01,alekhine,,check_given,Check. Look carefully.,smug,,,,,,,1,
fc2-alekhine-castling-01,alekhine,,castling,Castled. Now the real game.,neutral,,,,,,,1,
fc2-alekhine-clearly_winning-01,alekhine,,clearly_winning,The attack is unstoppable now.,smug,,,,,,,1,
fc2-alekhine-clearly_losing-01,alekhine,,clearly_losing,Hm. My combination has a flaw.,annoyed,,,,,,,1,
fc2-alekhine-sacrifice-01,alekhine,,sacrifice,A sacrifice. Calculate it to the end.,smug,,,,,,,1,
fc2-alekhine-promotion-01,alekhine,,promotion,A new queen. Art has its rewards.,pleased,,,,,,,1,
